[0.000000] (-) TimerEvent: {}
[0.000424] (detection) JobQueued: {'identifier': 'detection', 'dependencies': OrderedDict()}
[0.000471] (polystar_msgs) JobQueued: {'identifier': 'polystar_msgs', 'dependencies': OrderedDict()}
[0.000483] (tracking) JobQueued: {'identifier': 'tracking', 'dependencies': OrderedDict()}
[0.000492] (monitor) JobQueued: {'identifier': 'monitor', 'dependencies': OrderedDict([('detection', '/home/ozone/robomaster-cv/ros_ws/install/detection')])}
[0.000501] (serial) JobQueued: {'identifier': 'serial', 'dependencies': OrderedDict([('polystar_msgs', '/home/ozone/robomaster-cv/ros_ws/install/polystar_msgs')])}
[0.000510] (decision) JobQueued: {'identifier': 'decision', 'dependencies': OrderedDict([('detection', '/home/ozone/robomaster-cv/ros_ws/install/detection'), ('polystar_msgs', '/home/ozone/robomaster-cv/ros_ws/install/polystar_msgs'), ('tracking', '/home/ozone/robomaster-cv/ros_ws/install/tracking'), ('serial', '/home/ozone/robomaster-cv/ros_ws/install/serial')])}
[0.000539] (locate) JobQueued: {'identifier': 'locate', 'dependencies': OrderedDict([('polystar_msgs', '/home/ozone/robomaster-cv/ros_ws/install/polystar_msgs'), ('serial', '/home/ozone/robomaster-cv/ros_ws/install/serial')])}
[0.000562] (testing) JobQueued: {'identifier': 'testing', 'dependencies': OrderedDict([('polystar_msgs', '/home/ozone/robomaster-cv/ros_ws/install/polystar_msgs'), ('serial', '/home/ozone/robomaster-cv/ros_ws/install/serial')])}
[0.000586] (polystar_msgs) JobStarted: {'identifier': 'polystar_msgs'}
[0.004967] (detection) JobStarted: {'identifier': 'detection'}
[0.006395] (tracking) JobStarted: {'identifier': 'tracking'}
[0.009395] (polystar_msgs) JobProgress: {'identifier': 'polystar_msgs', 'progress': 'cmake'}
[0.010200] (polystar_msgs) JobProgress: {'identifier': 'polystar_msgs', 'progress': 'build'}
[0.010752] (polystar_msgs) Command: {'cmd': ['/usr/bin/cmake', '--build', '/home/ozone/robomaster-cv/ros_ws/build/polystar_msgs', '--', '-j16', '-l16'], 'cwd': '/home/ozone/robomaster-cv/ros_ws/build/polystar_msgs', 'env': OrderedDict([('LESSOPEN', '| /usr/bin/lesspipe %s'), ('USER', 'ozone'), ('GIT_ASKPASS', '/home/ozone/.vscode-server/bin/4949701c880d4bdb949e3c0e6b400288da7f474b/extensions/git/dist/askpass.sh'), ('SHLVL', '1'), ('LD_LIBRARY_PATH', '/opt/ros/iron/opt/rviz_ogre_vendor/lib:/opt/ros/iron/lib/x86_64-linux-gnu:/opt/ros/iron/lib'), ('MOTD_SHOWN', 'update-motd'), ('HOME', '/home/ozone'), ('OLDPWD', '/home/ozone/robomaster-cv'), ('TERM_PROGRAM_VERSION', '1.99.2'), ('VSCODE_IPC_HOOK_CLI', '/run/user/1000/vscode-ipc-d2cd2c0e-905c-4d11-a3c1-bf9fdbcd5d40.sock'), ('ROS_PYTHON_VERSION', '3'), ('VSCODE_GIT_ASKPASS_MAIN', '/home/ozone/.vscode-server/bin/4949701c880d4bdb949e3c0e6b400288da7f474b/extensions/git/dist/askpass-main.js'), ('VSCODE_GIT_ASKPASS_NODE', '/home/ozone/.vscode-server/bin/4949701c880d4bdb949e3c0e6b400288da7f474b/node'), ('DBUS_SESSION_BUS_ADDRESS', 'unix:path=/run/user/1000/bus'), ('COLORTERM', 'truecolor'), ('WSL_DISTRO_NAME', 'Ubuntu'), ('WAYLAND_DISPLAY', 'wayland-0'), ('ROS_DISTRO', 'iron'), ('LOGNAME', 'ozone'), ('NAME', 'Laptop'), ('WSL_INTEROP', '/run/WSL/588_interop'), ('PULSE_SERVER', 'unix:/mnt/wslg/PulseServer'), ('_', '/usr/bin/colcon'), ('ROS_VERSION', '2'), ('TERM', 'xterm-256color'), ('PATH', '/opt/ros/iron/bin:/home/ozone/.vscode-server/bin/4949701c880d4bdb949e3c0e6b400288da7f474b/bin/remote-cli:/usr/local/sbin:/usr/local/bin:/usr/sbin:/usr/bin:/sbin:/bin:/usr/games:/usr/local/games:/usr/lib/wsl/lib:/mnt/c/Program Files (x86)/Common Files/Oracle/Java/java8path:/mnt/c/Program Files (x86)/Common Files/Oracle/Java/javapath:/mnt/c/Windows/system32:/mnt/c/Windows:/mnt/c/Windows/System32/Wbem:/mnt/c/Windows/System32/WindowsPowerShell/v1.0/:/mnt/c/Windows/System32/OpenSSH/:/mnt/c/Program Files (x86)/NVIDIA Corporation/PhysX/Common:/mnt/c/Program Files/NVIDIA Corporation/NVIDIA NvDLISR:/mnt/c/Program Files/Git/cmd:/mnt/c/Program Files/Docker/Docker/resources/bin:/mnt/c/Users/thope/AppData/Roaming/nvm:/mnt/c/Program Files/nodejs:/mnt/c/Program Files (x86)/Windows Kits/10/Windows Performance Toolkit/:/mnt/c/WINDOWS/system32:/mnt/c/WINDOWS:/mnt/c/WINDOWS/System32/Wbem:/mnt/c/WINDOWS/System32/WindowsPowerShell/v1.0/:/mnt/c/WINDOWS/System32/OpenSSH/:/mnt/c/Program Files/dotnet/:/mnt/c/Users/thope/AppData/Local/Programs/Python/Python312:/mnt/c/Users/thope/AppData/Local/Microsoft/WindowsApps:/mnt/c/Users/thope/AppData/Local/Programs/Python/Python312/Scripts:/mnt/c/Users/thope/AppData/Local/Programs/Microsoft VS Code/bin:/mnt/c/Users/thope/AppData/Roaming/nvm:/mnt/c/Program Files/nodejs:/mnt/c/Users/thope/OneDrive/Desktop/School/H25/Projet/flutter/bin:/mnt/c/Users/thope/AppData/Local/Muse Hub/lib:/snap/bin'), ('XDG_RUNTIME_DIR', '/run/user/1000/'), ('DISPLAY', ':0'), ('LANG', 'C.UTF-8'), ('LS_COLORS', 'rs=0:di=01;34:ln=01;36:mh=00:pi=40;33:so=01;35:do=01;35:bd=40;33;01:cd=40;33;01:or=40;31;01:mi=00:su=37;41:sg=30;43:ca=30;41:tw=30;42:ow=34;42:st=37;44:ex=01;32:*.tar=01;31:*.tgz=01;31:*.arc=01;31:*.arj=01;31:*.taz=01;31:*.lha=01;31:*.lz4=01;31:*.lzh=01;31:*.lzma=01;31:*.tlz=01;31:*.txz=01;31:*.tzo=01;31:*.t7z=01;31:*.zip=01;31:*.z=01;31:*.dz=01;31:*.gz=01;31:*.lrz=01;31:*.lz=01;31:*.lzo=01;31:*.xz=01;31:*.zst=01;31:*.tzst=01;31:*.bz2=01;31:*.bz=01;31:*.tbz=01;31:*.tbz2=01;31:*.tz=01;31:*.deb=01;31:*.rpm=01;31:*.jar=01;31:*.war=01;31:*.ear=01;31:*.sar=01;31:*.rar=01;31:*.alz=01;31:*.ace=01;31:*.zoo=01;31:*.cpio=01;31:*.7z=01;31:*.rz=01;31:*.cab=01;31:*.wim=01;31:*.swm=01;31:*.dwm=01;31:*.esd=01;31:*.jpg=01;35:*.jpeg=01;35:*.mjpg=01;35:*.mjpeg=01;35:*.gif=01;35:*.bmp=01;35:*.pbm=01;35:*.pgm=01;35:*.ppm=01;35:*.tga=01;35:*.xbm=01;35:*.xpm=01;35:*.tif=01;35:*.tiff=01;35:*.png=01;35:*.svg=01;35:*.svgz=01;35:*.mng=01;35:*.pcx=01;35:*.mov=01;35:*.mpg=01;35:*.mpeg=01;35:*.m2v=01;35:*.mkv=01;35:*.webm=01;35:*.webp=01;35:*.ogm=01;35:*.mp4=01;35:*.m4v=01;35:*.mp4v=01;35:*.vob=01;35:*.qt=01;35:*.nuv=01;35:*.wmv=01;35:*.asf=01;35:*.rm=01;35:*.rmvb=01;35:*.flc=01;35:*.avi=01;35:*.fli=01;35:*.flv=01;35:*.gl=01;35:*.dl=01;35:*.xcf=01;35:*.xwd=01;35:*.yuv=01;35:*.cgm=01;35:*.emf=01;35:*.ogv=01;35:*.ogx=01;35:*.aac=00;36:*.au=00;36:*.flac=00;36:*.m4a=00;36:*.mid=00;36:*.midi=00;36:*.mka=00;36:*.mp3=00;36:*.mpc=00;36:*.ogg=00;36:*.ra=00;36:*.wav=00;36:*.oga=00;36:*.opus=00;36:*.spx=00;36:*.xspf=00;36:'), ('VSCODE_GIT_IPC_HANDLE', '/run/user/1000/vscode-git-6effc2bb41.sock'), ('TERM_PROGRAM', 'vscode'), ('AMENT_PREFIX_PATH', '/opt/ros/iron'), ('SHELL', '/bin/bash'), ('LESSCLOSE', '/usr/bin/lesspipe %s %s'), ('ROS_AUTOMATIC_DISCOVERY_RANGE', 'SUBNET'), ('VSCODE_GIT_ASKPASS_EXTRA_ARGS', ''), ('PWD', '/home/ozone/robomaster-cv/ros_ws/build/polystar_msgs'), ('XDG_DATA_DIRS', '/usr/local/share:/usr/share:/var/lib/snapd/desktop'), ('PYTHONPATH', '/opt/ros/iron/lib/python3.10/site-packages'), ('COLCON', '1'), ('WSL2_GUI_APPS_ENABLED', '1'), ('HOSTTYPE', 'x86_64'), ('WSLENV', 'VSCODE_WSL_EXT_LOCATION/up:VSCODE_SERVER_TAR/up')]), 'shell': False}
[0.014555] (detection) JobProgress: {'identifier': 'detection', 'progress': 'cmake'}
[0.015080] (detection) Command: {'cmd': ['/usr/bin/cmake', '/home/ozone/robomaster-cv/ros_ws/src/detection', '-DCMAKE_INSTALL_PREFIX=/home/ozone/robomaster-cv/ros_ws/install/detection'], 'cwd': '/home/ozone/robomaster-cv/ros_ws/build/detection', 'env': OrderedDict([('LESSOPEN', '| /usr/bin/lesspipe %s'), ('USER', 'ozone'), ('GIT_ASKPASS', '/home/ozone/.vscode-server/bin/4949701c880d4bdb949e3c0e6b400288da7f474b/extensions/git/dist/askpass.sh'), ('SHLVL', '1'), ('LD_LIBRARY_PATH', '/opt/ros/iron/opt/rviz_ogre_vendor/lib:/opt/ros/iron/lib/x86_64-linux-gnu:/opt/ros/iron/lib'), ('MOTD_SHOWN', 'update-motd'), ('HOME', '/home/ozone'), ('OLDPWD', '/home/ozone/robomaster-cv'), ('TERM_PROGRAM_VERSION', '1.99.2'), ('VSCODE_IPC_HOOK_CLI', '/run/user/1000/vscode-ipc-d2cd2c0e-905c-4d11-a3c1-bf9fdbcd5d40.sock'), ('ROS_PYTHON_VERSION', '3'), ('VSCODE_GIT_ASKPASS_MAIN', '/home/ozone/.vscode-server/bin/4949701c880d4bdb949e3c0e6b400288da7f474b/extensions/git/dist/askpass-main.js'), ('VSCODE_GIT_ASKPASS_NODE', '/home/ozone/.vscode-server/bin/4949701c880d4bdb949e3c0e6b400288da7f474b/node'), ('DBUS_SESSION_BUS_ADDRESS', 'unix:path=/run/user/1000/bus'), ('COLORTERM', 'truecolor'), ('WSL_DISTRO_NAME', 'Ubuntu'), ('WAYLAND_DISPLAY', 'wayland-0'), ('ROS_DISTRO', 'iron'), ('LOGNAME', 'ozone'), ('NAME', 'Laptop'), ('WSL_INTEROP', '/run/WSL/588_interop'), ('PULSE_SERVER', 'unix:/mnt/wslg/PulseServer'), ('_', '/usr/bin/colcon'), ('ROS_VERSION', '2'), ('TERM', 'xterm-256color'), ('PATH', '/opt/ros/iron/bin:/home/ozone/.vscode-server/bin/4949701c880d4bdb949e3c0e6b400288da7f474b/bin/remote-cli:/usr/local/sbin:/usr/local/bin:/usr/sbin:/usr/bin:/sbin:/bin:/usr/games:/usr/local/games:/usr/lib/wsl/lib:/mnt/c/Program Files (x86)/Common Files/Oracle/Java/java8path:/mnt/c/Program Files (x86)/Common Files/Oracle/Java/javapath:/mnt/c/Windows/system32:/mnt/c/Windows:/mnt/c/Windows/System32/Wbem:/mnt/c/Windows/System32/WindowsPowerShell/v1.0/:/mnt/c/Windows/System32/OpenSSH/:/mnt/c/Program Files (x86)/NVIDIA Corporation/PhysX/Common:/mnt/c/Program Files/NVIDIA Corporation/NVIDIA NvDLISR:/mnt/c/Program Files/Git/cmd:/mnt/c/Program Files/Docker/Docker/resources/bin:/mnt/c/Users/thope/AppData/Roaming/nvm:/mnt/c/Program Files/nodejs:/mnt/c/Program Files (x86)/Windows Kits/10/Windows Performance Toolkit/:/mnt/c/WINDOWS/system32:/mnt/c/WINDOWS:/mnt/c/WINDOWS/System32/Wbem:/mnt/c/WINDOWS/System32/WindowsPowerShell/v1.0/:/mnt/c/WINDOWS/System32/OpenSSH/:/mnt/c/Program Files/dotnet/:/mnt/c/Users/thope/AppData/Local/Programs/Python/Python312:/mnt/c/Users/thope/AppData/Local/Microsoft/WindowsApps:/mnt/c/Users/thope/AppData/Local/Programs/Python/Python312/Scripts:/mnt/c/Users/thope/AppData/Local/Programs/Microsoft VS Code/bin:/mnt/c/Users/thope/AppData/Roaming/nvm:/mnt/c/Program Files/nodejs:/mnt/c/Users/thope/OneDrive/Desktop/School/H25/Projet/flutter/bin:/mnt/c/Users/thope/AppData/Local/Muse Hub/lib:/snap/bin'), ('XDG_RUNTIME_DIR', '/run/user/1000/'), ('DISPLAY', ':0'), ('LANG', 'C.UTF-8'), ('LS_COLORS', 'rs=0:di=01;34:ln=01;36:mh=00:pi=40;33:so=01;35:do=01;35:bd=40;33;01:cd=40;33;01:or=40;31;01:mi=00:su=37;41:sg=30;43:ca=30;41:tw=30;42:ow=34;42:st=37;44:ex=01;32:*.tar=01;31:*.tgz=01;31:*.arc=01;31:*.arj=01;31:*.taz=01;31:*.lha=01;31:*.lz4=01;31:*.lzh=01;31:*.lzma=01;31:*.tlz=01;31:*.txz=01;31:*.tzo=01;31:*.t7z=01;31:*.zip=01;31:*.z=01;31:*.dz=01;31:*.gz=01;31:*.lrz=01;31:*.lz=01;31:*.lzo=01;31:*.xz=01;31:*.zst=01;31:*.tzst=01;31:*.bz2=01;31:*.bz=01;31:*.tbz=01;31:*.tbz2=01;31:*.tz=01;31:*.deb=01;31:*.rpm=01;31:*.jar=01;31:*.war=01;31:*.ear=01;31:*.sar=01;31:*.rar=01;31:*.alz=01;31:*.ace=01;31:*.zoo=01;31:*.cpio=01;31:*.7z=01;31:*.rz=01;31:*.cab=01;31:*.wim=01;31:*.swm=01;31:*.dwm=01;31:*.esd=01;31:*.jpg=01;35:*.jpeg=01;35:*.mjpg=01;35:*.mjpeg=01;35:*.gif=01;35:*.bmp=01;35:*.pbm=01;35:*.pgm=01;35:*.ppm=01;35:*.tga=01;35:*.xbm=01;35:*.xpm=01;35:*.tif=01;35:*.tiff=01;35:*.png=01;35:*.svg=01;35:*.svgz=01;35:*.mng=01;35:*.pcx=01;35:*.mov=01;35:*.mpg=01;35:*.mpeg=01;35:*.m2v=01;35:*.mkv=01;35:*.webm=01;35:*.webp=01;35:*.ogm=01;35:*.mp4=01;35:*.m4v=01;35:*.mp4v=01;35:*.vob=01;35:*.qt=01;35:*.nuv=01;35:*.wmv=01;35:*.asf=01;35:*.rm=01;35:*.rmvb=01;35:*.flc=01;35:*.avi=01;35:*.fli=01;35:*.flv=01;35:*.gl=01;35:*.dl=01;35:*.xcf=01;35:*.xwd=01;35:*.yuv=01;35:*.cgm=01;35:*.emf=01;35:*.ogv=01;35:*.ogx=01;35:*.aac=00;36:*.au=00;36:*.flac=00;36:*.m4a=00;36:*.mid=00;36:*.midi=00;36:*.mka=00;36:*.mp3=00;36:*.mpc=00;36:*.ogg=00;36:*.ra=00;36:*.wav=00;36:*.oga=00;36:*.opus=00;36:*.spx=00;36:*.xspf=00;36:'), ('VSCODE_GIT_IPC_HANDLE', '/run/user/1000/vscode-git-6effc2bb41.sock'), ('TERM_PROGRAM', 'vscode'), ('AMENT_PREFIX_PATH', '/opt/ros/iron'), ('SHELL', '/bin/bash'), ('LESSCLOSE', '/usr/bin/lesspipe %s %s'), ('ROS_AUTOMATIC_DISCOVERY_RANGE', 'SUBNET'), ('VSCODE_GIT_ASKPASS_EXTRA_ARGS', ''), ('PWD', '/home/ozone/robomaster-cv/ros_ws/build/detection'), ('XDG_DATA_DIRS', '/usr/local/share:/usr/share:/var/lib/snapd/desktop'), ('PYTHONPATH', '/opt/ros/iron/lib/python3.10/site-packages'), ('COLCON', '1'), ('WSL2_GUI_APPS_ENABLED', '1'), ('HOSTTYPE', 'x86_64'), ('WSLENV', 'VSCODE_WSL_EXT_LOCATION/up:VSCODE_SERVER_TAR/up')]), 'shell': False}
[0.100064] (-) TimerEvent: {}
[0.166666] (polystar_msgs) StdoutLine: {'line': b'[  1%] Built target polystar_msgs__rosidl_generator_type_description\n'}
[0.166806] (polystar_msgs) StdoutLine: {'line': b'[  1%] Built target polystar_msgs__cpp\n'}
[0.166847] (polystar_msgs) StdoutLine: {'line': b'[  1%] Built target ament_cmake_python_copy_polystar_msgs\n'}
[0.166879] (polystar_msgs) StdoutLine: {'line': b'[ 27%] Built target polystar_msgs__rosidl_generator_c\n'}
[0.166908] (polystar_msgs) StdoutLine: {'line': b'[ 37%] Built target polystar_msgs__rosidl_typesupport_introspection_c\n'}
[0.166938] (polystar_msgs) StdoutLine: {'line': b'[ 47%] Built target polystar_msgs__rosidl_typesupport_c\n'}
[0.166965] (polystar_msgs) StdoutLine: {'line': b'[ 57%] Built target polystar_msgs__rosidl_typesupport_fastrtps_c\n'}
[0.166994] (polystar_msgs) StdoutLine: {'line': b'[ 67%] Built target polystar_msgs__rosidl_typesupport_introspection_cpp\n'}
[0.167021] (polystar_msgs) StdoutLine: {'line': b'[ 76%] Built target polystar_msgs__rosidl_typesupport_fastrtps_cpp\n'}
[0.167050] (polystar_msgs) StdoutLine: {'line': b'[ 85%] Built target polystar_msgs__rosidl_typesupport_cpp\n'}
[0.167092] (polystar_msgs) StdoutLine: {'line': b'[ 85%] Built target polystar_msgs\n'}
[0.167132] (polystar_msgs) StdoutLine: {'line': b'[ 86%] Built target polystar_msgs__py\n'}
[0.167160] (polystar_msgs) StdoutLine: {'line': b'[ 94%] Built target polystar_msgs__rosidl_generator_py\n'}
[0.167187] (polystar_msgs) StdoutLine: {'line': b'[ 97%] Built target polystar_msgs__rosidl_typesupport_fastrtps_c__pyext\n'}
[0.167213] (polystar_msgs) StdoutLine: {'line': b'[ 98%] Built target polystar_msgs__rosidl_typesupport_introspection_c__pyext\n'}
[0.167240] (polystar_msgs) StdoutLine: {'line': b'[100%] Built target polystar_msgs__rosidl_typesupport_c__pyext\n'}
[0.200405] (-) TimerEvent: {}
[0.220371] (polystar_msgs) StdoutLine: {'line': b'running egg_info\n'}
[0.220805] (polystar_msgs) StdoutLine: {'line': b'writing polystar_msgs.egg-info/PKG-INFO\n'}
[0.221110] (polystar_msgs) StdoutLine: {'line': b'writing dependency_links to polystar_msgs.egg-info/dependency_links.txt\n'}
[0.221318] (polystar_msgs) StdoutLine: {'line': b'writing top-level names to polystar_msgs.egg-info/top_level.txt\n'}
[0.222882] (polystar_msgs) StdoutLine: {'line': b"reading manifest file 'polystar_msgs.egg-info/SOURCES.txt'\n"}
[0.223447] (polystar_msgs) StdoutLine: {'line': b"writing manifest file 'polystar_msgs.egg-info/SOURCES.txt'\n"}
[0.237618] (polystar_msgs) StdoutLine: {'line': b'[100%] Built target ament_cmake_python_build_polystar_msgs_egg\n'}
[0.237841] (detection) StdoutLine: {'line': b'-- The C compiler identification is GNU 11.4.0\n'}
[0.243709] (polystar_msgs) CommandEnded: {'returncode': 0}
[0.300677] (-) TimerEvent: {}
[0.364486] (polystar_msgs) JobProgress: {'identifier': 'polystar_msgs', 'progress': 'install'}
[0.368723] (polystar_msgs) Command: {'cmd': ['/usr/bin/cmake', '--install', '/home/ozone/robomaster-cv/ros_ws/build/polystar_msgs'], 'cwd': '/home/ozone/robomaster-cv/ros_ws/build/polystar_msgs', 'env': OrderedDict([('LESSOPEN', '| /usr/bin/lesspipe %s'), ('USER', 'ozone'), ('GIT_ASKPASS', '/home/ozone/.vscode-server/bin/4949701c880d4bdb949e3c0e6b400288da7f474b/extensions/git/dist/askpass.sh'), ('SHLVL', '1'), ('LD_LIBRARY_PATH', '/opt/ros/iron/opt/rviz_ogre_vendor/lib:/opt/ros/iron/lib/x86_64-linux-gnu:/opt/ros/iron/lib'), ('MOTD_SHOWN', 'update-motd'), ('HOME', '/home/ozone'), ('OLDPWD', '/home/ozone/robomaster-cv'), ('TERM_PROGRAM_VERSION', '1.99.2'), ('VSCODE_IPC_HOOK_CLI', '/run/user/1000/vscode-ipc-d2cd2c0e-905c-4d11-a3c1-bf9fdbcd5d40.sock'), ('ROS_PYTHON_VERSION', '3'), ('VSCODE_GIT_ASKPASS_MAIN', '/home/ozone/.vscode-server/bin/4949701c880d4bdb949e3c0e6b400288da7f474b/extensions/git/dist/askpass-main.js'), ('VSCODE_GIT_ASKPASS_NODE', '/home/ozone/.vscode-server/bin/4949701c880d4bdb949e3c0e6b400288da7f474b/node'), ('DBUS_SESSION_BUS_ADDRESS', 'unix:path=/run/user/1000/bus'), ('COLORTERM', 'truecolor'), ('WSL_DISTRO_NAME', 'Ubuntu'), ('WAYLAND_DISPLAY', 'wayland-0'), ('ROS_DISTRO', 'iron'), ('LOGNAME', 'ozone'), ('NAME', 'Laptop'), ('WSL_INTEROP', '/run/WSL/588_interop'), ('PULSE_SERVER', 'unix:/mnt/wslg/PulseServer'), ('_', '/usr/bin/colcon'), ('ROS_VERSION', '2'), ('TERM', 'xterm-256color'), ('PATH', '/opt/ros/iron/bin:/home/ozone/.vscode-server/bin/4949701c880d4bdb949e3c0e6b400288da7f474b/bin/remote-cli:/usr/local/sbin:/usr/local/bin:/usr/sbin:/usr/bin:/sbin:/bin:/usr/games:/usr/local/games:/usr/lib/wsl/lib:/mnt/c/Program Files (x86)/Common Files/Oracle/Java/java8path:/mnt/c/Program Files (x86)/Common Files/Oracle/Java/javapath:/mnt/c/Windows/system32:/mnt/c/Windows:/mnt/c/Windows/System32/Wbem:/mnt/c/Windows/System32/WindowsPowerShell/v1.0/:/mnt/c/Windows/System32/OpenSSH/:/mnt/c/Program Files (x86)/NVIDIA Corporation/PhysX/Common:/mnt/c/Program Files/NVIDIA Corporation/NVIDIA NvDLISR:/mnt/c/Program Files/Git/cmd:/mnt/c/Program Files/Docker/Docker/resources/bin:/mnt/c/Users/thope/AppData/Roaming/nvm:/mnt/c/Program Files/nodejs:/mnt/c/Program Files (x86)/Windows Kits/10/Windows Performance Toolkit/:/mnt/c/WINDOWS/system32:/mnt/c/WINDOWS:/mnt/c/WINDOWS/System32/Wbem:/mnt/c/WINDOWS/System32/WindowsPowerShell/v1.0/:/mnt/c/WINDOWS/System32/OpenSSH/:/mnt/c/Program Files/dotnet/:/mnt/c/Users/thope/AppData/Local/Programs/Python/Python312:/mnt/c/Users/thope/AppData/Local/Microsoft/WindowsApps:/mnt/c/Users/thope/AppData/Local/Programs/Python/Python312/Scripts:/mnt/c/Users/thope/AppData/Local/Programs/Microsoft VS Code/bin:/mnt/c/Users/thope/AppData/Roaming/nvm:/mnt/c/Program Files/nodejs:/mnt/c/Users/thope/OneDrive/Desktop/School/H25/Projet/flutter/bin:/mnt/c/Users/thope/AppData/Local/Muse Hub/lib:/snap/bin'), ('XDG_RUNTIME_DIR', '/run/user/1000/'), ('DISPLAY', ':0'), ('LANG', 'C.UTF-8'), ('LS_COLORS', 'rs=0:di=01;34:ln=01;36:mh=00:pi=40;33:so=01;35:do=01;35:bd=40;33;01:cd=40;33;01:or=40;31;01:mi=00:su=37;41:sg=30;43:ca=30;41:tw=30;42:ow=34;42:st=37;44:ex=01;32:*.tar=01;31:*.tgz=01;31:*.arc=01;31:*.arj=01;31:*.taz=01;31:*.lha=01;31:*.lz4=01;31:*.lzh=01;31:*.lzma=01;31:*.tlz=01;31:*.txz=01;31:*.tzo=01;31:*.t7z=01;31:*.zip=01;31:*.z=01;31:*.dz=01;31:*.gz=01;31:*.lrz=01;31:*.lz=01;31:*.lzo=01;31:*.xz=01;31:*.zst=01;31:*.tzst=01;31:*.bz2=01;31:*.bz=01;31:*.tbz=01;31:*.tbz2=01;31:*.tz=01;31:*.deb=01;31:*.rpm=01;31:*.jar=01;31:*.war=01;31:*.ear=01;31:*.sar=01;31:*.rar=01;31:*.alz=01;31:*.ace=01;31:*.zoo=01;31:*.cpio=01;31:*.7z=01;31:*.rz=01;31:*.cab=01;31:*.wim=01;31:*.swm=01;31:*.dwm=01;31:*.esd=01;31:*.jpg=01;35:*.jpeg=01;35:*.mjpg=01;35:*.mjpeg=01;35:*.gif=01;35:*.bmp=01;35:*.pbm=01;35:*.pgm=01;35:*.ppm=01;35:*.tga=01;35:*.xbm=01;35:*.xpm=01;35:*.tif=01;35:*.tiff=01;35:*.png=01;35:*.svg=01;35:*.svgz=01;35:*.mng=01;35:*.pcx=01;35:*.mov=01;35:*.mpg=01;35:*.mpeg=01;35:*.m2v=01;35:*.mkv=01;35:*.webm=01;35:*.webp=01;35:*.ogm=01;35:*.mp4=01;35:*.m4v=01;35:*.mp4v=01;35:*.vob=01;35:*.qt=01;35:*.nuv=01;35:*.wmv=01;35:*.asf=01;35:*.rm=01;35:*.rmvb=01;35:*.flc=01;35:*.avi=01;35:*.fli=01;35:*.flv=01;35:*.gl=01;35:*.dl=01;35:*.xcf=01;35:*.xwd=01;35:*.yuv=01;35:*.cgm=01;35:*.emf=01;35:*.ogv=01;35:*.ogx=01;35:*.aac=00;36:*.au=00;36:*.flac=00;36:*.m4a=00;36:*.mid=00;36:*.midi=00;36:*.mka=00;36:*.mp3=00;36:*.mpc=00;36:*.ogg=00;36:*.ra=00;36:*.wav=00;36:*.oga=00;36:*.opus=00;36:*.spx=00;36:*.xspf=00;36:'), ('VSCODE_GIT_IPC_HANDLE', '/run/user/1000/vscode-git-6effc2bb41.sock'), ('TERM_PROGRAM', 'vscode'), ('AMENT_PREFIX_PATH', '/opt/ros/iron'), ('SHELL', '/bin/bash'), ('LESSCLOSE', '/usr/bin/lesspipe %s %s'), ('ROS_AUTOMATIC_DISCOVERY_RANGE', 'SUBNET'), ('VSCODE_GIT_ASKPASS_EXTRA_ARGS', ''), ('PWD', '/home/ozone/robomaster-cv/ros_ws/build/polystar_msgs'), ('XDG_DATA_DIRS', '/usr/local/share:/usr/share:/var/lib/snapd/desktop'), ('PYTHONPATH', '/opt/ros/iron/lib/python3.10/site-packages'), ('COLCON', '1'), ('WSL2_GUI_APPS_ENABLED', '1'), ('HOSTTYPE', 'x86_64'), ('WSLENV', 'VSCODE_WSL_EXT_LOCATION/up:VSCODE_SERVER_TAR/up')]), 'shell': False}
[0.373114] (polystar_msgs) StdoutLine: {'line': b'-- Install configuration: ""\n'}
[0.373514] (polystar_msgs) StdoutLine: {'line': b'-- Up-to-date: /home/ozone/robomaster-cv/ros_ws/install/polystar_msgs/share/ament_index/resource_index/rosidl_interfaces/polystar_msgs\n'}
[0.373603] (polystar_msgs) StdoutLine: {'line': b'-- Up-to-date: /home/ozone/robomaster-cv/ros_ws/install/polystar_msgs/share/polystar_msgs/msg/HP.json\n'}
[0.373668] (polystar_msgs) StdoutLine: {'line': b'-- Up-to-date: /home/ozone/robomaster-cv/ros_ws/install/polystar_msgs/share/polystar_msgs/msg/SwitchOrder.json\n'}
[0.373731] (polystar_msgs) StdoutLine: {'line': b'-- Up-to-date: /home/ozone/robomaster-cv/ros_ws/install/polystar_msgs/share/polystar_msgs/msg/Target.json\n'}
[0.373897] (polystar_msgs) StdoutLine: {'line': b'-- Up-to-date: /home/ozone/robomaster-cv/ros_ws/install/polystar_msgs/share/polystar_msgs/msg/Movement.json\n'}
[0.373934] (polystar_msgs) StdoutLine: {'line': b'-- Up-to-date: /home/ozone/robomaster-cv/ros_ws/install/polystar_msgs/share/polystar_msgs/msg/GameStatus.json\n'}
[0.373962] (polystar_msgs) StdoutLine: {'line': b'-- Up-to-date: /home/ozone/robomaster-cv/ros_ws/install/polystar_msgs/share/polystar_msgs/msg/GameStage.json\n'}
[0.373988] (polystar_msgs) StdoutLine: {'line': b'-- Up-to-date: /home/ozone/robomaster-cv/ros_ws/install/polystar_msgs/share/polystar_msgs/msg/TurretFeedback.json\n'}
[0.374014] (polystar_msgs) StdoutLine: {'line': b'-- Up-to-date: /home/ozone/robomaster-cv/ros_ws/install/polystar_msgs/share/polystar_msgs/msg/PositionFeedback.json\n'}
[0.374109] (polystar_msgs) StdoutLine: {'line': b'-- Up-to-date: /home/ozone/robomaster-cv/ros_ws/install/polystar_msgs/share/polystar_msgs/msg/Shoot.json\n'}
[0.374156] (polystar_msgs) StdoutLine: {'line': b'-- Up-to-date: /home/ozone/robomaster-cv/ros_ws/install/polystar_msgs/include/polystar_msgs/polystar_msgs\n'}
[0.374225] (polystar_msgs) StdoutLine: {'line': b'-- Up-to-date: /home/ozone/robomaster-cv/ros_ws/install/polystar_msgs/include/polystar_msgs/polystar_msgs/msg\n'}
[0.374304] (polystar_msgs) StdoutLine: {'line': b'-- Up-to-date: /home/ozone/robomaster-cv/ros_ws/install/polystar_msgs/include/polystar_msgs/polystar_msgs/msg/game_status.h\n'}
[0.374436] (polystar_msgs) StdoutLine: {'line': b'-- Up-to-date: /home/ozone/robomaster-cv/ros_ws/install/polystar_msgs/include/polystar_msgs/polystar_msgs/msg/switch_order.h\n'}
[0.374604] (polystar_msgs) StdoutLine: {'line': b'-- Up-to-date: /home/ozone/robomaster-cv/ros_ws/install/polystar_msgs/include/polystar_msgs/polystar_msgs/msg/game_stage.h\n'}
[0.374697] (polystar_msgs) StdoutLine: {'line': b'-- Up-to-date: /home/ozone/robomaster-cv/ros_ws/install/polystar_msgs/include/polystar_msgs/polystar_msgs/msg/movement.h\n'}
[0.374833] (polystar_msgs) StdoutLine: {'line': b'-- Up-to-date: /home/ozone/robomaster-cv/ros_ws/install/polystar_msgs/include/polystar_msgs/polystar_msgs/msg/rosidl_generator_c__visibility_control.h\n'}
[0.374986] (polystar_msgs) StdoutLine: {'line': b'-- Up-to-date: /home/ozone/robomaster-cv/ros_ws/install/polystar_msgs/include/polystar_msgs/polystar_msgs/msg/target.h\n'}
[0.375180] (polystar_msgs) StdoutLine: {'line': b'-- Up-to-date: /home/ozone/robomaster-cv/ros_ws/install/polystar_msgs/include/polystar_msgs/polystar_msgs/msg/turret_feedback.h\n'}
[0.375617] (polystar_msgs) StdoutLine: {'line': b'-- Up-to-date: /home/ozone/robomaster-cv/ros_ws/install/polystar_msgs/include/polystar_msgs/polystar_msgs/msg/position_feedback.h\n'}
[0.375662] (polystar_msgs) StdoutLine: {'line': b'-- Up-to-date: /home/ozone/robomaster-cv/ros_ws/install/polystar_msgs/include/polystar_msgs/polystar_msgs/msg/shoot.h\n'}
[0.375691] (polystar_msgs) StdoutLine: {'line': b'-- Up-to-date: /home/ozone/robomaster-cv/ros_ws/install/polystar_msgs/include/polystar_msgs/polystar_msgs/msg/detail\n'}
[0.375716] (polystar_msgs) StdoutLine: {'line': b'-- Up-to-date: /home/ozone/robomaster-cv/ros_ws/install/polystar_msgs/include/polystar_msgs/polystar_msgs/msg/detail/shoot__struct.h\n'}
[0.375741] (polystar_msgs) StdoutLine: {'line': b'-- Up-to-date: /home/ozone/robomaster-cv/ros_ws/install/polystar_msgs/include/polystar_msgs/polystar_msgs/msg/detail/turret_feedback__description.c\n'}
[0.375775] (polystar_msgs) StdoutLine: {'line': b'-- Up-to-date: /home/ozone/robomaster-cv/ros_ws/install/polystar_msgs/include/polystar_msgs/polystar_msgs/msg/detail/turret_feedback__struct.h\n'}
[0.375803] (polystar_msgs) StdoutLine: {'line': b'-- Up-to-date: /home/ozone/robomaster-cv/ros_ws/install/polystar_msgs/include/polystar_msgs/polystar_msgs/msg/detail/hp__type_support.h\n'}
[0.375853] (polystar_msgs) StdoutLine: {'line': b'-- Up-to-date: /home/ozone/robomaster-cv/ros_ws/install/polystar_msgs/include/polystar_msgs/polystar_msgs/msg/detail/game_status__functions.c\n'}
[0.375881] (polystar_msgs) StdoutLine: {'line': b'-- Up-to-date: /home/ozone/robomaster-cv/ros_ws/install/polystar_msgs/include/polystar_msgs/polystar_msgs/msg/detail/position_feedback__type_support.c\n'}
[0.375906] (polystar_msgs) StdoutLine: {'line': b'-- Up-to-date: /home/ozone/robomaster-cv/ros_ws/install/polystar_msgs/include/polystar_msgs/polystar_msgs/msg/detail/hp__functions.c\n'}
[0.375930] (polystar_msgs) StdoutLine: {'line': b'-- Up-to-date: /home/ozone/robomaster-cv/ros_ws/install/polystar_msgs/include/polystar_msgs/polystar_msgs/msg/detail/switch_order__type_support.c\n'}
[0.375958] (polystar_msgs) StdoutLine: {'line': b'-- Up-to-date: /home/ozone/robomaster-cv/ros_ws/install/polystar_msgs/include/polystar_msgs/polystar_msgs/msg/detail/hp__struct.h\n'}
[0.375984] (polystar_msgs) StdoutLine: {'line': b'-- Up-to-date: /home/ozone/robomaster-cv/ros_ws/install/polystar_msgs/include/polystar_msgs/polystar_msgs/msg/detail/movement__type_support.h\n'}
[0.376043] (polystar_msgs) StdoutLine: {'line': b'-- Up-to-date: /home/ozone/robomaster-cv/ros_ws/install/polystar_msgs/include/polystar_msgs/polystar_msgs/msg/detail/switch_order__functions.c\n'}
[0.376171] (polystar_msgs) StdoutLine: {'line': b'-- Up-to-date: /home/ozone/robomaster-cv/ros_ws/install/polystar_msgs/include/polystar_msgs/polystar_msgs/msg/detail/target__type_support.h\n'}
[0.376279] (polystar_msgs) StdoutLine: {'line': b'-- Up-to-date: /home/ozone/robomaster-cv/ros_ws/install/polystar_msgs/include/polystar_msgs/polystar_msgs/msg/detail/target__functions.h\n'}
[0.376363] (polystar_msgs) StdoutLine: {'line': b'-- Up-to-date: /home/ozone/robomaster-cv/ros_ws/install/polystar_msgs/include/polystar_msgs/polystar_msgs/msg/detail/position_feedback__functions.c\n'}
[0.376436] (polystar_msgs) StdoutLine: {'line': b'-- Up-to-date: /home/ozone/robomaster-cv/ros_ws/install/polystar_msgs/include/polystar_msgs/polystar_msgs/msg/detail/game_status__type_support.h\n'}
[0.376516] (polystar_msgs) StdoutLine: {'line': b'-- Up-to-date: /home/ozone/robomaster-cv/ros_ws/install/polystar_msgs/include/polystar_msgs/polystar_msgs/msg/detail/hp__description.c\n'}
[0.376635] (polystar_msgs) StdoutLine: {'line': b'-- Up-to-date: /home/ozone/robomaster-cv/ros_ws/install/polystar_msgs/include/polystar_msgs/polystar_msgs/msg/detail/game_status__type_support.c\n'}
[0.376671] (polystar_msgs) StdoutLine: {'line': b'-- Up-to-date: /home/ozone/robomaster-cv/ros_ws/install/polystar_msgs/include/polystar_msgs/polystar_msgs/msg/detail/game_stage__description.c\n'}
[0.376709] (polystar_msgs) StdoutLine: {'line': b'-- Up-to-date: /home/ozone/robomaster-cv/ros_ws/install/polystar_msgs/include/polystar_msgs/polystar_msgs/msg/detail/shoot__functions.c\n'}
[0.376805] (polystar_msgs) StdoutLine: {'line': b'-- Up-to-date: /home/ozone/robomaster-cv/ros_ws/install/polystar_msgs/include/polystar_msgs/polystar_msgs/msg/detail/turret_feedback__functions.h\n'}
[0.376867] (polystar_msgs) StdoutLine: {'line': b'-- Up-to-date: /home/ozone/robomaster-cv/ros_ws/install/polystar_msgs/include/polystar_msgs/polystar_msgs/msg/detail/target__type_support.c\n'}
[0.377082] (polystar_msgs) StdoutLine: {'line': b'-- Up-to-date: /home/ozone/robomaster-cv/ros_ws/install/polystar_msgs/include/polystar_msgs/polystar_msgs/msg/detail/switch_order__struct.h\n'}
[0.377158] (polystar_msgs) StdoutLine: {'line': b'-- Up-to-date: /home/ozone/robomaster-cv/ros_ws/install/polystar_msgs/include/polystar_msgs/polystar_msgs/msg/detail/turret_feedback__type_support.c\n'}
[0.377194] (polystar_msgs) StdoutLine: {'line': b'-- Up-to-date: /home/ozone/robomaster-cv/ros_ws/install/polystar_msgs/include/polystar_msgs/polystar_msgs/msg/detail/movement__struct.h\n'}
[0.377224] (polystar_msgs) StdoutLine: {'line': b'-- Up-to-date: /home/ozone/robomaster-cv/ros_ws/install/polystar_msgs/include/polystar_msgs/polystar_msgs/msg/detail/shoot__type_support.c\n'}
[0.377250] (polystar_msgs) StdoutLine: {'line': b'-- Up-to-date: /home/ozone/robomaster-cv/ros_ws/install/polystar_msgs/include/polystar_msgs/polystar_msgs/msg/detail/position_feedback__description.c\n'}
[0.377275] (polystar_msgs) StdoutLine: {'line': b'-- Up-to-date: /home/ozone/robomaster-cv/ros_ws/install/polystar_msgs/include/polystar_msgs/polystar_msgs/msg/detail/target__functions.c\n'}
[0.377300] (polystar_msgs) StdoutLine: {'line': b'-- Up-to-date: /home/ozone/robomaster-cv/ros_ws/install/polystar_msgs/include/polystar_msgs/polystar_msgs/msg/detail/game_stage__functions.h\n'}
[0.377363] (polystar_msgs) StdoutLine: {'line': b'-- Up-to-date: /home/ozone/robomaster-cv/ros_ws/install/polystar_msgs/include/polystar_msgs/polystar_msgs/msg/detail/shoot__functions.h\n'}
[0.377393] (polystar_msgs) StdoutLine: {'line': b'-- Up-to-date: /home/ozone/robomaster-cv/ros_ws/install/polystar_msgs/include/polystar_msgs/polystar_msgs/msg/detail/hp__type_support.c\n'}
[0.377465] (polystar_msgs) StdoutLine: {'line': b'-- Up-to-date: /home/ozone/robomaster-cv/ros_ws/install/polystar_msgs/include/polystar_msgs/polystar_msgs/msg/detail/target__description.c\n'}
[0.377595] (polystar_msgs) StdoutLine: {'line': b'-- Up-to-date: /home/ozone/robomaster-cv/ros_ws/install/polystar_msgs/include/polystar_msgs/polystar_msgs/msg/detail/game_status__struct.h\n'}
[0.377743] (polystar_msgs) StdoutLine: {'line': b'-- Up-to-date: /home/ozone/robomaster-cv/ros_ws/install/polystar_msgs/include/polystar_msgs/polystar_msgs/msg/detail/game_stage__type_support.c\n'}
[0.377901] (polystar_msgs) StdoutLine: {'line': b'-- Up-to-date: /home/ozone/robomaster-cv/ros_ws/install/polystar_msgs/include/polystar_msgs/polystar_msgs/msg/detail/game_stage__functions.c\n'}
[0.377952] (polystar_msgs) StdoutLine: {'line': b'-- Up-to-date: /home/ozone/robomaster-cv/ros_ws/install/polystar_msgs/include/polystar_msgs/polystar_msgs/msg/detail/position_feedback__functions.h\n'}
[0.378095] (polystar_msgs) StdoutLine: {'line': b'-- Up-to-date: /home/ozone/robomaster-cv/ros_ws/install/polystar_msgs/include/polystar_msgs/polystar_msgs/msg/detail/hp__functions.h\n'}
[0.378150] (polystar_msgs) StdoutLine: {'line': b'-- Up-to-date: /home/ozone/robomaster-cv/ros_ws/install/polystar_msgs/include/polystar_msgs/polystar_msgs/msg/detail/position_feedback__type_support.h\n'}
[0.378235] (polystar_msgs) StdoutLine: {'line': b'-- Up-to-date: /home/ozone/robomaster-cv/ros_ws/install/polystar_msgs/include/polystar_msgs/polystar_msgs/msg/detail/game_stage__struct.h\n'}
[0.378320] (polystar_msgs) StdoutLine: {'line': b'-- Up-to-date: /home/ozone/robomaster-cv/ros_ws/install/polystar_msgs/include/polystar_msgs/polystar_msgs/msg/detail/turret_feedback__type_support.h\n'}
[0.378404] (polystar_msgs) StdoutLine: {'line': b'-- Up-to-date: /home/ozone/robomaster-cv/ros_ws/install/polystar_msgs/include/polystar_msgs/polystar_msgs/msg/detail/game_status__description.c\n'}
[0.378562] (polystar_msgs) StdoutLine: {'line': b'-- Up-to-date: /home/ozone/robomaster-cv/ros_ws/install/polystar_msgs/include/polystar_msgs/polystar_msgs/msg/detail/switch_order__description.c\n'}
[0.378648] (polystar_msgs) StdoutLine: {'line': b'-- Up-to-date: /home/ozone/robomaster-cv/ros_ws/install/polystar_msgs/include/polystar_msgs/polystar_msgs/msg/detail/movement__description.c\n'}
[0.378729] (polystar_msgs) StdoutLine: {'line': b'-- Up-to-date: /home/ozone/robomaster-cv/ros_ws/install/polystar_msgs/include/polystar_msgs/polystar_msgs/msg/detail/target__struct.h\n'}
[0.378764] (polystar_msgs) StdoutLine: {'line': b'-- Up-to-date: /home/ozone/robomaster-cv/ros_ws/install/polystar_msgs/include/polystar_msgs/polystar_msgs/msg/detail/movement__functions.c\n'}
[0.378796] (polystar_msgs) StdoutLine: {'line': b'-- Up-to-date: /home/ozone/robomaster-cv/ros_ws/install/polystar_msgs/include/polystar_msgs/polystar_msgs/msg/detail/game_status__functions.h\n'}
[0.378969] (polystar_msgs) StdoutLine: {'line': b'-- Up-to-date: /home/ozone/robomaster-cv/ros_ws/install/polystar_msgs/include/polystar_msgs/polystar_msgs/msg/detail/switch_order__functions.h\n'}
[0.379053] (polystar_msgs) StdoutLine: {'line': b'-- Up-to-date: /home/ozone/robomaster-cv/ros_ws/install/polystar_msgs/include/polystar_msgs/polystar_msgs/msg/detail/movement__functions.h\n'}
[0.379139] (polystar_msgs) StdoutLine: {'line': b'-- Up-to-date: /home/ozone/robomaster-cv/ros_ws/install/polystar_msgs/include/polystar_msgs/polystar_msgs/msg/detail/game_stage__type_support.h\n'}
[0.379226] (polystar_msgs) StdoutLine: {'line': b'-- Up-to-date: /home/ozone/robomaster-cv/ros_ws/install/polystar_msgs/include/polystar_msgs/polystar_msgs/msg/detail/shoot__type_support.h\n'}
[0.379293] (polystar_msgs) StdoutLine: {'line': b'-- Up-to-date: /home/ozone/robomaster-cv/ros_ws/install/polystar_msgs/include/polystar_msgs/polystar_msgs/msg/detail/position_feedback__struct.h\n'}
[0.379382] (polystar_msgs) StdoutLine: {'line': b'-- Up-to-date: /home/ozone/robomaster-cv/ros_ws/install/polystar_msgs/include/polystar_msgs/polystar_msgs/msg/detail/movement__type_support.c\n'}
[0.379466] (polystar_msgs) StdoutLine: {'line': b'-- Up-to-date: /home/ozone/robomaster-cv/ros_ws/install/polystar_msgs/include/polystar_msgs/polystar_msgs/msg/detail/shoot__description.c\n'}
[0.379550] (polystar_msgs) StdoutLine: {'line': b'-- Up-to-date: /home/ozone/robomaster-cv/ros_ws/install/polystar_msgs/include/polystar_msgs/polystar_msgs/msg/detail/turret_feedback__functions.c\n'}
[0.379621] (polystar_msgs) StdoutLine: {'line': b'-- Up-to-date: /home/ozone/robomaster-cv/ros_ws/install/polystar_msgs/include/polystar_msgs/polystar_msgs/msg/detail/switch_order__type_support.h\n'}
[0.379701] (polystar_msgs) StdoutLine: {'line': b'-- Up-to-date: /home/ozone/robomaster-cv/ros_ws/install/polystar_msgs/include/polystar_msgs/polystar_msgs/msg/hp.h\n'}
[0.379783] (polystar_msgs) StdoutLine: {'line': b'-- Up-to-date: /home/ozone/robomaster-cv/ros_ws/install/polystar_msgs/share/polystar_msgs/environment/library_path.sh\n'}
[0.379859] (polystar_msgs) StdoutLine: {'line': b'-- Up-to-date: /home/ozone/robomaster-cv/ros_ws/install/polystar_msgs/share/polystar_msgs/environment/library_path.dsv\n'}
[0.379932] (polystar_msgs) StdoutLine: {'line': b'-- Up-to-date: /home/ozone/robomaster-cv/ros_ws/install/polystar_msgs/lib/libpolystar_msgs__rosidl_generator_c.so\n'}
[0.380015] (polystar_msgs) StdoutLine: {'line': b'-- Up-to-date: /home/ozone/robomaster-cv/ros_ws/install/polystar_msgs/include/polystar_msgs/polystar_msgs\n'}
[0.380095] (polystar_msgs) StdoutLine: {'line': b'-- Up-to-date: /home/ozone/robomaster-cv/ros_ws/install/polystar_msgs/include/polystar_msgs/polystar_msgs/msg\n'}
[0.380160] (polystar_msgs) StdoutLine: {'line': b'-- Up-to-date: /home/ozone/robomaster-cv/ros_ws/install/polystar_msgs/include/polystar_msgs/polystar_msgs/msg/detail\n'}
[0.380517] (polystar_msgs) StdoutLine: {'line': b'-- Up-to-date: /home/ozone/robomaster-cv/ros_ws/install/polystar_msgs/include/polystar_msgs/polystar_msgs/msg/detail/turret_feedback__rosidl_typesupport_fastrtps_c.h\n'}
[0.380584] (polystar_msgs) StdoutLine: {'line': b'-- Up-to-date: /home/ozone/robomaster-cv/ros_ws/install/polystar_msgs/include/polystar_msgs/polystar_msgs/msg/detail/shoot__rosidl_typesupport_fastrtps_c.h\n'}
[0.380617] (polystar_msgs) StdoutLine: {'line': b'-- Up-to-date: /home/ozone/robomaster-cv/ros_ws/install/polystar_msgs/include/polystar_msgs/polystar_msgs/msg/detail/movement__rosidl_typesupport_fastrtps_c.h\n'}
[0.380645] (polystar_msgs) StdoutLine: {'line': b'-- Up-to-date: /home/ozone/robomaster-cv/ros_ws/install/polystar_msgs/include/polystar_msgs/polystar_msgs/msg/detail/hp__rosidl_typesupport_fastrtps_c.h\n'}
[0.380671] (polystar_msgs) StdoutLine: {'line': b'-- Up-to-date: /home/ozone/robomaster-cv/ros_ws/install/polystar_msgs/include/polystar_msgs/polystar_msgs/msg/detail/game_stage__rosidl_typesupport_fastrtps_c.h\n'}
[0.380819] (polystar_msgs) StdoutLine: {'line': b'-- Up-to-date: /home/ozone/robomaster-cv/ros_ws/install/polystar_msgs/include/polystar_msgs/polystar_msgs/msg/detail/target__rosidl_typesupport_fastrtps_c.h\n'}
[0.380867] (polystar_msgs) StdoutLine: {'line': b'-- Up-to-date: /home/ozone/robomaster-cv/ros_ws/install/polystar_msgs/include/polystar_msgs/polystar_msgs/msg/detail/switch_order__rosidl_typesupport_fastrtps_c.h\n'}
[0.380897] (polystar_msgs) StdoutLine: {'line': b'-- Up-to-date: /home/ozone/robomaster-cv/ros_ws/install/polystar_msgs/include/polystar_msgs/polystar_msgs/msg/detail/game_status__rosidl_typesupport_fastrtps_c.h\n'}
[0.381024] (polystar_msgs) StdoutLine: {'line': b'-- Up-to-date: /home/ozone/robomaster-cv/ros_ws/install/polystar_msgs/include/polystar_msgs/polystar_msgs/msg/detail/position_feedback__rosidl_typesupport_fastrtps_c.h\n'}
[0.381092] (polystar_msgs) StdoutLine: {'line': b'-- Up-to-date: /home/ozone/robomaster-cv/ros_ws/install/polystar_msgs/include/polystar_msgs/polystar_msgs/msg/rosidl_typesupport_fastrtps_c__visibility_control.h\n'}
[0.381173] (polystar_msgs) StdoutLine: {'line': b'-- Up-to-date: /home/ozone/robomaster-cv/ros_ws/install/polystar_msgs/lib/libpolystar_msgs__rosidl_typesupport_fastrtps_c.so\n'}
[0.381316] (polystar_msgs) StdoutLine: {'line': b'-- Up-to-date: /home/ozone/robomaster-cv/ros_ws/install/polystar_msgs/include/polystar_msgs/polystar_msgs\n'}
[0.381360] (polystar_msgs) StdoutLine: {'line': b'-- Up-to-date: /home/ozone/robomaster-cv/ros_ws/install/polystar_msgs/include/polystar_msgs/polystar_msgs/msg\n'}
[0.381388] (polystar_msgs) StdoutLine: {'line': b'-- Up-to-date: /home/ozone/robomaster-cv/ros_ws/install/polystar_msgs/include/polystar_msgs/polystar_msgs/msg/target.hpp\n'}
[0.381414] (polystar_msgs) StdoutLine: {'line': b'-- Up-to-date: /home/ozone/robomaster-cv/ros_ws/install/polystar_msgs/include/polystar_msgs/polystar_msgs/msg/game_stage.hpp\n'}
[0.381444] (polystar_msgs) StdoutLine: {'line': b'-- Up-to-date: /home/ozone/robomaster-cv/ros_ws/install/polystar_msgs/include/polystar_msgs/polystar_msgs/msg/hp.hpp\n'}
[0.381470] (polystar_msgs) StdoutLine: {'line': b'-- Up-to-date: /home/ozone/robomaster-cv/ros_ws/install/polystar_msgs/include/polystar_msgs/polystar_msgs/msg/switch_order.hpp\n'}
[0.381498] (polystar_msgs) StdoutLine: {'line': b'-- Up-to-date: /home/ozone/robomaster-cv/ros_ws/install/polystar_msgs/include/polystar_msgs/polystar_msgs/msg/shoot.hpp\n'}
[0.381523] (polystar_msgs) StdoutLine: {'line': b'-- Up-to-date: /home/ozone/robomaster-cv/ros_ws/install/polystar_msgs/include/polystar_msgs/polystar_msgs/msg/game_status.hpp\n'}
[0.381547] (polystar_msgs) StdoutLine: {'line': b'-- Up-to-date: /home/ozone/robomaster-cv/ros_ws/install/polystar_msgs/include/polystar_msgs/polystar_msgs/msg/position_feedback.hpp\n'}
[0.381571] (polystar_msgs) StdoutLine: {'line': b'-- Up-to-date: /home/ozone/robomaster-cv/ros_ws/install/polystar_msgs/include/polystar_msgs/polystar_msgs/msg/turret_feedback.hpp\n'}
[0.381599] (polystar_msgs) StdoutLine: {'line': b'-- Up-to-date: /home/ozone/robomaster-cv/ros_ws/install/polystar_msgs/include/polystar_msgs/polystar_msgs/msg/movement.hpp\n'}
[0.381623] (polystar_msgs) StdoutLine: {'line': b'-- Up-to-date: /home/ozone/robomaster-cv/ros_ws/install/polystar_msgs/include/polystar_msgs/polystar_msgs/msg/detail\n'}
[0.381648] (polystar_msgs) StdoutLine: {'line': b'-- Up-to-date: /home/ozone/robomaster-cv/ros_ws/install/polystar_msgs/include/polystar_msgs/polystar_msgs/msg/detail/shoot__traits.hpp\n'}
[0.381672] (polystar_msgs) StdoutLine: {'line': b'-- Up-to-date: /home/ozone/robomaster-cv/ros_ws/install/polystar_msgs/include/polystar_msgs/polystar_msgs/msg/detail/game_stage__traits.hpp\n'}
[0.381749] (polystar_msgs) StdoutLine: {'line': b'-- Up-to-date: /home/ozone/robomaster-cv/ros_ws/install/polystar_msgs/include/polystar_msgs/polystar_msgs/msg/detail/movement__traits.hpp\n'}
[0.381779] (polystar_msgs) StdoutLine: {'line': b'-- Up-to-date: /home/ozone/robomaster-cv/ros_ws/install/polystar_msgs/include/polystar_msgs/polystar_msgs/msg/detail/position_feedback__traits.hpp\n'}
[0.381810] (polystar_msgs) StdoutLine: {'line': b'-- Up-to-date: /home/ozone/robomaster-cv/ros_ws/install/polystar_msgs/include/polystar_msgs/polystar_msgs/msg/detail/switch_order__traits.hpp\n'}
[0.381837] (polystar_msgs) StdoutLine: {'line': b'-- Up-to-date: /home/ozone/robomaster-cv/ros_ws/install/polystar_msgs/include/polystar_msgs/polystar_msgs/msg/detail/shoot__struct.hpp\n'}
[0.381864] (polystar_msgs) StdoutLine: {'line': b'-- Up-to-date: /home/ozone/robomaster-cv/ros_ws/install/polystar_msgs/include/polystar_msgs/polystar_msgs/msg/detail/movement__builder.hpp\n'}
[0.381892] (polystar_msgs) StdoutLine: {'line': b'-- Up-to-date: /home/ozone/robomaster-cv/ros_ws/install/polystar_msgs/include/polystar_msgs/polystar_msgs/msg/detail/turret_feedback__struct.hpp\n'}
[0.381917] (polystar_msgs) StdoutLine: {'line': b'-- Up-to-date: /home/ozone/robomaster-cv/ros_ws/install/polystar_msgs/include/polystar_msgs/polystar_msgs/msg/detail/shoot__builder.hpp\n'}
[0.381942] (polystar_msgs) StdoutLine: {'line': b'-- Up-to-date: /home/ozone/robomaster-cv/ros_ws/install/polystar_msgs/include/polystar_msgs/polystar_msgs/msg/detail/hp__traits.hpp\n'}
[0.381965] (polystar_msgs) StdoutLine: {'line': b'-- Up-to-date: /home/ozone/robomaster-cv/ros_ws/install/polystar_msgs/include/polystar_msgs/polystar_msgs/msg/detail/switch_order__struct.hpp\n'}
[0.381988] (polystar_msgs) StdoutLine: {'line': b'-- Up-to-date: /home/ozone/robomaster-cv/ros_ws/install/polystar_msgs/include/polystar_msgs/polystar_msgs/msg/detail/target__builder.hpp\n'}
[0.382012] (polystar_msgs) StdoutLine: {'line': b'-- Up-to-date: /home/ozone/robomaster-cv/ros_ws/install/polystar_msgs/include/polystar_msgs/polystar_msgs/msg/detail/game_status__struct.hpp\n'}
[0.382035] (polystar_msgs) StdoutLine: {'line': b'-- Up-to-date: /home/ozone/robomaster-cv/ros_ws/install/polystar_msgs/include/polystar_msgs/polystar_msgs/msg/detail/turret_feedback__builder.hpp\n'}
[0.382059] (polystar_msgs) StdoutLine: {'line': b'-- Up-to-date: /home/ozone/robomaster-cv/ros_ws/install/polystar_msgs/include/polystar_msgs/polystar_msgs/msg/detail/turret_feedback__traits.hpp\n'}
[0.382083] (polystar_msgs) StdoutLine: {'line': b'-- Up-to-date: /home/ozone/robomaster-cv/ros_ws/install/polystar_msgs/include/polystar_msgs/polystar_msgs/msg/detail/game_stage__builder.hpp\n'}
[0.382107] (polystar_msgs) StdoutLine: {'line': b'-- Up-to-date: /home/ozone/robomaster-cv/ros_ws/install/polystar_msgs/include/polystar_msgs/polystar_msgs/msg/detail/target__traits.hpp\n'}
[0.382131] (polystar_msgs) StdoutLine: {'line': b'-- Up-to-date: /home/ozone/robomaster-cv/ros_ws/install/polystar_msgs/include/polystar_msgs/polystar_msgs/msg/detail/position_feedback__builder.hpp\n'}
[0.382159] (polystar_msgs) StdoutLine: {'line': b'-- Up-to-date: /home/ozone/robomaster-cv/ros_ws/install/polystar_msgs/include/polystar_msgs/polystar_msgs/msg/detail/target__struct.hpp\n'}
[0.382183] (polystar_msgs) StdoutLine: {'line': b'-- Up-to-date: /home/ozone/robomaster-cv/ros_ws/install/polystar_msgs/include/polystar_msgs/polystar_msgs/msg/detail/movement__struct.hpp\n'}
[0.382268] (polystar_msgs) StdoutLine: {'line': b'-- Up-to-date: /home/ozone/robomaster-cv/ros_ws/install/polystar_msgs/include/polystar_msgs/polystar_msgs/msg/detail/position_feedback__struct.hpp\n'}
[0.382323] (polystar_msgs) StdoutLine: {'line': b'-- Up-to-date: /home/ozone/robomaster-cv/ros_ws/install/polystar_msgs/include/polystar_msgs/polystar_msgs/msg/detail/hp__builder.hpp\n'}
[0.382389] (polystar_msgs) StdoutLine: {'line': b'-- Up-to-date: /home/ozone/robomaster-cv/ros_ws/install/polystar_msgs/include/polystar_msgs/polystar_msgs/msg/detail/hp__struct.hpp\n'}
[0.382574] (polystar_msgs) StdoutLine: {'line': b'-- Up-to-date: /home/ozone/robomaster-cv/ros_ws/install/polystar_msgs/include/polystar_msgs/polystar_msgs/msg/detail/game_stage__struct.hpp\n'}
[0.382665] (polystar_msgs) StdoutLine: {'line': b'-- Up-to-date: /home/ozone/robomaster-cv/ros_ws/install/polystar_msgs/include/polystar_msgs/polystar_msgs/msg/detail/game_status__traits.hpp\n'}
[0.382751] (polystar_msgs) StdoutLine: {'line': b'-- Up-to-date: /home/ozone/robomaster-cv/ros_ws/install/polystar_msgs/include/polystar_msgs/polystar_msgs/msg/detail/switch_order__builder.hpp\n'}
[0.382866] (polystar_msgs) StdoutLine: {'line': b'-- Up-to-date: /home/ozone/robomaster-cv/ros_ws/install/polystar_msgs/include/polystar_msgs/polystar_msgs/msg/detail/game_status__builder.hpp\n'}
[0.382947] (polystar_msgs) StdoutLine: {'line': b'-- Up-to-date: /home/ozone/robomaster-cv/ros_ws/install/polystar_msgs/include/polystar_msgs/polystar_msgs\n'}
[0.383028] (polystar_msgs) StdoutLine: {'line': b'-- Up-to-date: /home/ozone/robomaster-cv/ros_ws/install/polystar_msgs/include/polystar_msgs/polystar_msgs/msg\n'}
[0.383108] (polystar_msgs) StdoutLine: {'line': b'-- Up-to-date: /home/ozone/robomaster-cv/ros_ws/install/polystar_msgs/include/polystar_msgs/polystar_msgs/msg/rosidl_typesupport_fastrtps_cpp__visibility_control.h\n'}
[0.383177] (polystar_msgs) StdoutLine: {'line': b'-- Up-to-date: /home/ozone/robomaster-cv/ros_ws/install/polystar_msgs/include/polystar_msgs/polystar_msgs/msg/detail\n'}
[0.383247] (polystar_msgs) StdoutLine: {'line': b'-- Up-to-date: /home/ozone/robomaster-cv/ros_ws/install/polystar_msgs/include/polystar_msgs/polystar_msgs/msg/detail/game_stage__rosidl_typesupport_fastrtps_cpp.hpp\n'}
[0.383303] (polystar_msgs) StdoutLine: {'line': b'-- Up-to-date: /home/ozone/robomaster-cv/ros_ws/install/polystar_msgs/include/polystar_msgs/polystar_msgs/msg/detail/turret_feedback__rosidl_typesupport_fastrtps_cpp.hpp\n'}
[0.383384] (polystar_msgs) StdoutLine: {'line': b'-- Up-to-date: /home/ozone/robomaster-cv/ros_ws/install/polystar_msgs/include/polystar_msgs/polystar_msgs/msg/detail/switch_order__rosidl_typesupport_fastrtps_cpp.hpp\n'}
[0.383464] (polystar_msgs) StdoutLine: {'line': b'-- Up-to-date: /home/ozone/robomaster-cv/ros_ws/install/polystar_msgs/include/polystar_msgs/polystar_msgs/msg/detail/movement__rosidl_typesupport_fastrtps_cpp.hpp\n'}
[0.383640] (polystar_msgs) StdoutLine: {'line': b'-- Up-to-date: /home/ozone/robomaster-cv/ros_ws/install/polystar_msgs/include/polystar_msgs/polystar_msgs/msg/detail/position_feedback__rosidl_typesupport_fastrtps_cpp.hpp\n'}
[0.383679] (polystar_msgs) StdoutLine: {'line': b'-- Up-to-date: /home/ozone/robomaster-cv/ros_ws/install/polystar_msgs/include/polystar_msgs/polystar_msgs/msg/detail/game_status__rosidl_typesupport_fastrtps_cpp.hpp\n'}
[0.383750] (polystar_msgs) StdoutLine: {'line': b'-- Up-to-date: /home/ozone/robomaster-cv/ros_ws/install/polystar_msgs/include/polystar_msgs/polystar_msgs/msg/detail/target__rosidl_typesupport_fastrtps_cpp.hpp\n'}
[0.383846] (polystar_msgs) StdoutLine: {'line': b'-- Up-to-date: /home/ozone/robomaster-cv/ros_ws/install/polystar_msgs/include/polystar_msgs/polystar_msgs/msg/detail/dds_fastrtps\n'}
[0.383904] (polystar_msgs) StdoutLine: {'line': b'-- Up-to-date: /home/ozone/robomaster-cv/ros_ws/install/polystar_msgs/include/polystar_msgs/polystar_msgs/msg/detail/hp__rosidl_typesupport_fastrtps_cpp.hpp\n'}
[0.383984] (polystar_msgs) StdoutLine: {'line': b'-- Up-to-date: /home/ozone/robomaster-cv/ros_ws/install/polystar_msgs/include/polystar_msgs/polystar_msgs/msg/detail/shoot__rosidl_typesupport_fastrtps_cpp.hpp\n'}
[0.384093] (polystar_msgs) StdoutLine: {'line': b'-- Up-to-date: /home/ozone/robomaster-cv/ros_ws/install/polystar_msgs/lib/libpolystar_msgs__rosidl_typesupport_fastrtps_cpp.so\n'}
[0.384175] (polystar_msgs) StdoutLine: {'line': b'-- Up-to-date: /home/ozone/robomaster-cv/ros_ws/install/polystar_msgs/include/polystar_msgs/polystar_msgs\n'}
[0.384292] (polystar_msgs) StdoutLine: {'line': b'-- Up-to-date: /home/ozone/robomaster-cv/ros_ws/install/polystar_msgs/include/polystar_msgs/polystar_msgs/msg\n'}
[0.384449] (polystar_msgs) StdoutLine: {'line': b'-- Up-to-date: /home/ozone/robomaster-cv/ros_ws/install/polystar_msgs/include/polystar_msgs/polystar_msgs/msg/rosidl_typesupport_introspection_c__visibility_control.h\n'}
[0.384507] (polystar_msgs) StdoutLine: {'line': b'-- Up-to-date: /home/ozone/robomaster-cv/ros_ws/install/polystar_msgs/include/polystar_msgs/polystar_msgs/msg/detail\n'}
[0.384626] (polystar_msgs) StdoutLine: {'line': b'-- Up-to-date: /home/ozone/robomaster-cv/ros_ws/install/polystar_msgs/include/polystar_msgs/polystar_msgs/msg/detail/switch_order__rosidl_typesupport_introspection_c.h\n'}
[0.384656] (polystar_msgs) StdoutLine: {'line': b'-- Up-to-date: /home/ozone/robomaster-cv/ros_ws/install/polystar_msgs/include/polystar_msgs/polystar_msgs/msg/detail/position_feedback__type_support.c\n'}
[0.384683] (polystar_msgs) StdoutLine: {'line': b'-- Up-to-date: /home/ozone/robomaster-cv/ros_ws/install/polystar_msgs/include/polystar_msgs/polystar_msgs/msg/detail/switch_order__type_support.c\n'}
[0.384711] (polystar_msgs) StdoutLine: {'line': b'-- Up-to-date: /home/ozone/robomaster-cv/ros_ws/install/polystar_msgs/include/polystar_msgs/polystar_msgs/msg/detail/game_stage__rosidl_typesupport_introspection_c.h\n'}
[0.384811] (polystar_msgs) StdoutLine: {'line': b'-- Up-to-date: /home/ozone/robomaster-cv/ros_ws/install/polystar_msgs/include/polystar_msgs/polystar_msgs/msg/detail/target__rosidl_typesupport_introspection_c.h\n'}
[0.384860] (polystar_msgs) StdoutLine: {'line': b'-- Up-to-date: /home/ozone/robomaster-cv/ros_ws/install/polystar_msgs/include/polystar_msgs/polystar_msgs/msg/detail/game_status__type_support.c\n'}
[0.384889] (polystar_msgs) StdoutLine: {'line': b'-- Up-to-date: /home/ozone/robomaster-cv/ros_ws/install/polystar_msgs/include/polystar_msgs/polystar_msgs/msg/detail/target__type_support.c\n'}
[0.384917] (polystar_msgs) StdoutLine: {'line': b'-- Up-to-date: /home/ozone/robomaster-cv/ros_ws/install/polystar_msgs/include/polystar_msgs/polystar_msgs/msg/detail/hp__rosidl_typesupport_introspection_c.h\n'}
[0.384943] (polystar_msgs) StdoutLine: {'line': b'-- Up-to-date: /home/ozone/robomaster-cv/ros_ws/install/polystar_msgs/include/polystar_msgs/polystar_msgs/msg/detail/shoot__rosidl_typesupport_introspection_c.h\n'}
[0.384970] (polystar_msgs) StdoutLine: {'line': b'-- Up-to-date: /home/ozone/robomaster-cv/ros_ws/install/polystar_msgs/include/polystar_msgs/polystar_msgs/msg/detail/turret_feedback__type_support.c\n'}
[0.384995] (polystar_msgs) StdoutLine: {'line': b'-- Up-to-date: /home/ozone/robomaster-cv/ros_ws/install/polystar_msgs/include/polystar_msgs/polystar_msgs/msg/detail/movement__rosidl_typesupport_introspection_c.h\n'}
[0.385019] (polystar_msgs) StdoutLine: {'line': b'-- Up-to-date: /home/ozone/robomaster-cv/ros_ws/install/polystar_msgs/include/polystar_msgs/polystar_msgs/msg/detail/shoot__type_support.c\n'}
[0.385044] (polystar_msgs) StdoutLine: {'line': b'-- Up-to-date: /home/ozone/robomaster-cv/ros_ws/install/polystar_msgs/include/polystar_msgs/polystar_msgs/msg/detail/hp__type_support.c\n'}
[0.385068] (polystar_msgs) StdoutLine: {'line': b'-- Up-to-date: /home/ozone/robomaster-cv/ros_ws/install/polystar_msgs/include/polystar_msgs/polystar_msgs/msg/detail/game_stage__type_support.c\n'}
[0.385091] (polystar_msgs) StdoutLine: {'line': b'-- Up-to-date: /home/ozone/robomaster-cv/ros_ws/install/polystar_msgs/include/polystar_msgs/polystar_msgs/msg/detail/turret_feedback__rosidl_typesupport_introspection_c.h\n'}
[0.385114] (polystar_msgs) StdoutLine: {'line': b'-- Up-to-date: /home/ozone/robomaster-cv/ros_ws/install/polystar_msgs/include/polystar_msgs/polystar_msgs/msg/detail/position_feedback__rosidl_typesupport_introspection_c.h\n'}
[0.385137] (polystar_msgs) StdoutLine: {'line': b'-- Up-to-date: /home/ozone/robomaster-cv/ros_ws/install/polystar_msgs/include/polystar_msgs/polystar_msgs/msg/detail/game_status__rosidl_typesupport_introspection_c.h\n'}
[0.385163] (polystar_msgs) StdoutLine: {'line': b'-- Up-to-date: /home/ozone/robomaster-cv/ros_ws/install/polystar_msgs/include/polystar_msgs/polystar_msgs/msg/detail/movement__type_support.c\n'}
[0.385190] (polystar_msgs) StdoutLine: {'line': b'-- Up-to-date: /home/ozone/robomaster-cv/ros_ws/install/polystar_msgs/lib/libpolystar_msgs__rosidl_typesupport_introspection_c.so\n'}
[0.385213] (polystar_msgs) StdoutLine: {'line': b'-- Up-to-date: /home/ozone/robomaster-cv/ros_ws/install/polystar_msgs/lib/libpolystar_msgs__rosidl_typesupport_c.so\n'}
[0.385283] (polystar_msgs) StdoutLine: {'line': b'-- Up-to-date: /home/ozone/robomaster-cv/ros_ws/install/polystar_msgs/include/polystar_msgs/polystar_msgs\n'}
[0.385363] (polystar_msgs) StdoutLine: {'line': b'-- Up-to-date: /home/ozone/robomaster-cv/ros_ws/install/polystar_msgs/include/polystar_msgs/polystar_msgs/msg\n'}
[0.385424] (polystar_msgs) StdoutLine: {'line': b'-- Up-to-date: /home/ozone/robomaster-cv/ros_ws/install/polystar_msgs/include/polystar_msgs/polystar_msgs/msg/detail\n'}
[0.385505] (polystar_msgs) StdoutLine: {'line': b'-- Up-to-date: /home/ozone/robomaster-cv/ros_ws/install/polystar_msgs/include/polystar_msgs/polystar_msgs/msg/detail/target__type_support.cpp\n'}
[0.385582] (polystar_msgs) StdoutLine: {'line': b'-- Up-to-date: /home/ozone/robomaster-cv/ros_ws/install/polystar_msgs/include/polystar_msgs/polystar_msgs/msg/detail/hp__rosidl_typesupport_introspection_cpp.hpp\n'}
[0.385661] (polystar_msgs) StdoutLine: {'line': b'-- Up-to-date: /home/ozone/robomaster-cv/ros_ws/install/polystar_msgs/include/polystar_msgs/polystar_msgs/msg/detail/game_stage__type_support.cpp\n'}
[0.385741] (polystar_msgs) StdoutLine: {'line': b'-- Up-to-date: /home/ozone/robomaster-cv/ros_ws/install/polystar_msgs/include/polystar_msgs/polystar_msgs/msg/detail/switch_order__rosidl_typesupport_introspection_cpp.hpp\n'}
[0.385820] (polystar_msgs) StdoutLine: {'line': b'-- Up-to-date: /home/ozone/robomaster-cv/ros_ws/install/polystar_msgs/include/polystar_msgs/polystar_msgs/msg/detail/movement__type_support.cpp\n'}
[0.385900] (polystar_msgs) StdoutLine: {'line': b'-- Up-to-date: /home/ozone/robomaster-cv/ros_ws/install/polystar_msgs/include/polystar_msgs/polystar_msgs/msg/detail/turret_feedback__rosidl_typesupport_introspection_cpp.hpp\n'}
[0.385970] (polystar_msgs) StdoutLine: {'line': b'-- Up-to-date: /home/ozone/robomaster-cv/ros_ws/install/polystar_msgs/include/polystar_msgs/polystar_msgs/msg/detail/target__rosidl_typesupport_introspection_cpp.hpp\n'}
[0.386149] (polystar_msgs) StdoutLine: {'line': b'-- Up-to-date: /home/ozone/robomaster-cv/ros_ws/install/polystar_msgs/include/polystar_msgs/polystar_msgs/msg/detail/game_status__rosidl_typesupport_introspection_cpp.hpp\n'}
[0.386235] (polystar_msgs) StdoutLine: {'line': b'-- Up-to-date: /home/ozone/robomaster-cv/ros_ws/install/polystar_msgs/include/polystar_msgs/polystar_msgs/msg/detail/game_stage__rosidl_typesupport_introspection_cpp.hpp\n'}
[0.386297] (polystar_msgs) StdoutLine: {'line': b'-- Up-to-date: /home/ozone/robomaster-cv/ros_ws/install/polystar_msgs/include/polystar_msgs/polystar_msgs/msg/detail/shoot__rosidl_typesupport_introspection_cpp.hpp\n'}
[0.386378] (polystar_msgs) StdoutLine: {'line': b'-- Up-to-date: /home/ozone/robomaster-cv/ros_ws/install/polystar_msgs/include/polystar_msgs/polystar_msgs/msg/detail/game_status__type_support.cpp\n'}
[0.386447] (polystar_msgs) StdoutLine: {'line': b'-- Up-to-date: /home/ozone/robomaster-cv/ros_ws/install/polystar_msgs/include/polystar_msgs/polystar_msgs/msg/detail/switch_order__type_support.cpp\n'}
[0.386528] (polystar_msgs) StdoutLine: {'line': b'-- Up-to-date: /home/ozone/robomaster-cv/ros_ws/install/polystar_msgs/include/polystar_msgs/polystar_msgs/msg/detail/turret_feedback__type_support.cpp\n'}
[0.386664] (polystar_msgs) StdoutLine: {'line': b'-- Up-to-date: /home/ozone/robomaster-cv/ros_ws/install/polystar_msgs/include/polystar_msgs/polystar_msgs/msg/detail/movement__rosidl_typesupport_introspection_cpp.hpp\n'}
[0.386746] (polystar_msgs) StdoutLine: {'line': b'-- Up-to-date: /home/ozone/robomaster-cv/ros_ws/install/polystar_msgs/include/polystar_msgs/polystar_msgs/msg/detail/position_feedback__type_support.cpp\n'}
[0.386826] (polystar_msgs) StdoutLine: {'line': b'-- Up-to-date: /home/ozone/robomaster-cv/ros_ws/install/polystar_msgs/include/polystar_msgs/polystar_msgs/msg/detail/position_feedback__rosidl_typesupport_introspection_cpp.hpp\n'}
[0.386886] (polystar_msgs) StdoutLine: {'line': b'-- Up-to-date: /home/ozone/robomaster-cv/ros_ws/install/polystar_msgs/include/polystar_msgs/polystar_msgs/msg/detail/hp__type_support.cpp\n'}
[0.386922] (polystar_msgs) StdoutLine: {'line': b'-- Up-to-date: /home/ozone/robomaster-cv/ros_ws/install/polystar_msgs/include/polystar_msgs/polystar_msgs/msg/detail/shoot__type_support.cpp\n'}
[0.387002] (polystar_msgs) StdoutLine: {'line': b'-- Up-to-date: /home/ozone/robomaster-cv/ros_ws/install/polystar_msgs/lib/libpolystar_msgs__rosidl_typesupport_introspection_cpp.so\n'}
[0.387083] (polystar_msgs) StdoutLine: {'line': b'-- Up-to-date: /home/ozone/robomaster-cv/ros_ws/install/polystar_msgs/lib/libpolystar_msgs__rosidl_typesupport_cpp.so\n'}
[0.387162] (polystar_msgs) StdoutLine: {'line': b'-- Up-to-date: /home/ozone/robomaster-cv/ros_ws/install/polystar_msgs/share/polystar_msgs/environment/pythonpath.sh\n'}
[0.387241] (polystar_msgs) StdoutLine: {'line': b'-- Up-to-date: /home/ozone/robomaster-cv/ros_ws/install/polystar_msgs/share/polystar_msgs/environment/pythonpath.dsv\n'}
[0.387323] (polystar_msgs) StdoutLine: {'line': b'-- Up-to-date: /home/ozone/robomaster-cv/ros_ws/install/polystar_msgs/lib/python3.10/site-packages/polystar_msgs-0.1.0-py3.10.egg-info\n'}
[0.387403] (polystar_msgs) StdoutLine: {'line': b'-- Installing: /home/ozone/robomaster-cv/ros_ws/install/polystar_msgs/lib/python3.10/site-packages/polystar_msgs-0.1.0-py3.10.egg-info/PKG-INFO\n'}
[0.387474] (polystar_msgs) StdoutLine: {'line': b'-- Installing: /home/ozone/robomaster-cv/ros_ws/install/polystar_msgs/lib/python3.10/site-packages/polystar_msgs-0.1.0-py3.10.egg-info/dependency_links.txt\n'}
[0.387555] (polystar_msgs) StdoutLine: {'line': b'-- Installing: /home/ozone/robomaster-cv/ros_ws/install/polystar_msgs/lib/python3.10/site-packages/polystar_msgs-0.1.0-py3.10.egg-info/SOURCES.txt\n'}
[0.387635] (polystar_msgs) StdoutLine: {'line': b'-- Installing: /home/ozone/robomaster-cv/ros_ws/install/polystar_msgs/lib/python3.10/site-packages/polystar_msgs-0.1.0-py3.10.egg-info/top_level.txt\n'}
[0.387715] (polystar_msgs) StdoutLine: {'line': b'-- Up-to-date: /home/ozone/robomaster-cv/ros_ws/install/polystar_msgs/lib/python3.10/site-packages/polystar_msgs\n'}
[0.387750] (polystar_msgs) StdoutLine: {'line': b'-- Up-to-date: /home/ozone/robomaster-cv/ros_ws/install/polystar_msgs/lib/python3.10/site-packages/polystar_msgs/_polystar_msgs_s.ep.rosidl_typesupport_c.c\n'}
[0.387806] (polystar_msgs) StdoutLine: {'line': b'-- Up-to-date: /home/ozone/robomaster-cv/ros_ws/install/polystar_msgs/lib/python3.10/site-packages/polystar_msgs/polystar_msgs_s__rosidl_typesupport_c.cpython-310-x86_64-linux-gnu.so\n'}
[0.387866] (polystar_msgs) StdoutLine: {'line': b'-- Up-to-date: /home/ozone/robomaster-cv/ros_ws/install/polystar_msgs/lib/python3.10/site-packages/polystar_msgs/polystar_msgs_s__rosidl_typesupport_fastrtps_c.cpython-310-x86_64-linux-gnu.so\n'}
[0.387937] (polystar_msgs) StdoutLine: {'line': b'-- Up-to-date: /home/ozone/robomaster-cv/ros_ws/install/polystar_msgs/lib/python3.10/site-packages/polystar_msgs/__init__.py\n'}
[0.388093] (polystar_msgs) StdoutLine: {'line': b'-- Up-to-date: /home/ozone/robomaster-cv/ros_ws/install/polystar_msgs/lib/python3.10/site-packages/polystar_msgs/_polystar_msgs_s.ep.rosidl_typesupport_fastrtps_c.c\n'}
[0.388130] (polystar_msgs) StdoutLine: {'line': b'-- Up-to-date: /home/ozone/robomaster-cv/ros_ws/install/polystar_msgs/lib/python3.10/site-packages/polystar_msgs/libpolystar_msgs__rosidl_generator_py.so\n'}
[0.388157] (polystar_msgs) StdoutLine: {'line': b'-- Up-to-date: /home/ozone/robomaster-cv/ros_ws/install/polystar_msgs/lib/python3.10/site-packages/polystar_msgs/polystar_msgs_s__rosidl_typesupport_introspection_c.cpython-310-x86_64-linux-gnu.so\n'}
[0.388184] (polystar_msgs) StdoutLine: {'line': b'-- Up-to-date: /home/ozone/robomaster-cv/ros_ws/install/polystar_msgs/lib/python3.10/site-packages/polystar_msgs/msg\n'}
[0.388209] (polystar_msgs) StdoutLine: {'line': b'-- Up-to-date: /home/ozone/robomaster-cv/ros_ws/install/polystar_msgs/lib/python3.10/site-packages/polystar_msgs/msg/_turret_feedback_s.c\n'}
[0.388234] (polystar_msgs) StdoutLine: {'line': b'-- Up-to-date: /home/ozone/robomaster-cv/ros_ws/install/polystar_msgs/lib/python3.10/site-packages/polystar_msgs/msg/_game_stage.py\n'}
[0.388261] (polystar_msgs) StdoutLine: {'line': b'-- Up-to-date: /home/ozone/robomaster-cv/ros_ws/install/polystar_msgs/lib/python3.10/site-packages/polystar_msgs/msg/_position_feedback_s.c\n'}
[0.388287] (polystar_msgs) StdoutLine: {'line': b'-- Up-to-date: /home/ozone/robomaster-cv/ros_ws/install/polystar_msgs/lib/python3.10/site-packages/polystar_msgs/msg/_position_feedback.py\n'}
[0.388311] (polystar_msgs) StdoutLine: {'line': b'-- Up-to-date: /home/ozone/robomaster-cv/ros_ws/install/polystar_msgs/lib/python3.10/site-packages/polystar_msgs/msg/_turret_feedback.py\n'}
[0.388335] (polystar_msgs) StdoutLine: {'line': b'-- Up-to-date: /home/ozone/robomaster-cv/ros_ws/install/polystar_msgs/lib/python3.10/site-packages/polystar_msgs/msg/_hp_s.c\n'}
[0.388359] (polystar_msgs) StdoutLine: {'line': b'-- Up-to-date: /home/ozone/robomaster-cv/ros_ws/install/polystar_msgs/lib/python3.10/site-packages/polystar_msgs/msg/_shoot.py\n'}
[0.388382] (polystar_msgs) StdoutLine: {'line': b'-- Up-to-date: /home/ozone/robomaster-cv/ros_ws/install/polystar_msgs/lib/python3.10/site-packages/polystar_msgs/msg/_hp.py\n'}
[0.388406] (polystar_msgs) StdoutLine: {'line': b'-- Up-to-date: /home/ozone/robomaster-cv/ros_ws/install/polystar_msgs/lib/python3.10/site-packages/polystar_msgs/msg/_target_s.c\n'}
[0.388429] (polystar_msgs) StdoutLine: {'line': b'-- Up-to-date: /home/ozone/robomaster-cv/ros_ws/install/polystar_msgs/lib/python3.10/site-packages/polystar_msgs/msg/_switch_order_s.c\n'}
[0.388452] (polystar_msgs) StdoutLine: {'line': b'-- Up-to-date: /home/ozone/robomaster-cv/ros_ws/install/polystar_msgs/lib/python3.10/site-packages/polystar_msgs/msg/_shoot_s.c\n'}
[0.388475] (polystar_msgs) StdoutLine: {'line': b'-- Up-to-date: /home/ozone/robomaster-cv/ros_ws/install/polystar_msgs/lib/python3.10/site-packages/polystar_msgs/msg/__init__.py\n'}
[0.388498] (polystar_msgs) StdoutLine: {'line': b'-- Up-to-date: /home/ozone/robomaster-cv/ros_ws/install/polystar_msgs/lib/python3.10/site-packages/polystar_msgs/msg/_switch_order.py\n'}
[0.388522] (polystar_msgs) StdoutLine: {'line': b'-- Up-to-date: /home/ozone/robomaster-cv/ros_ws/install/polystar_msgs/lib/python3.10/site-packages/polystar_msgs/msg/_target.py\n'}
[0.388544] (polystar_msgs) StdoutLine: {'line': b'-- Up-to-date: /home/ozone/robomaster-cv/ros_ws/install/polystar_msgs/lib/python3.10/site-packages/polystar_msgs/msg/_game_status.py\n'}
[0.388569] (polystar_msgs) StdoutLine: {'line': b'-- Up-to-date: /home/ozone/robomaster-cv/ros_ws/install/polystar_msgs/lib/python3.10/site-packages/polystar_msgs/msg/_movement.py\n'}
[0.388592] (polystar_msgs) StdoutLine: {'line': b'-- Up-to-date: /home/ozone/robomaster-cv/ros_ws/install/polystar_msgs/lib/python3.10/site-packages/polystar_msgs/msg/_game_status_s.c\n'}
[0.388614] (polystar_msgs) StdoutLine: {'line': b'-- Up-to-date: /home/ozone/robomaster-cv/ros_ws/install/polystar_msgs/lib/python3.10/site-packages/polystar_msgs/msg/_movement_s.c\n'}
[0.388637] (polystar_msgs) StdoutLine: {'line': b'-- Up-to-date: /home/ozone/robomaster-cv/ros_ws/install/polystar_msgs/lib/python3.10/site-packages/polystar_msgs/msg/_game_stage_s.c\n'}
[0.388659] (polystar_msgs) StdoutLine: {'line': b'-- Up-to-date: /home/ozone/robomaster-cv/ros_ws/install/polystar_msgs/lib/python3.10/site-packages/polystar_msgs/_polystar_msgs_s.ep.rosidl_typesupport_introspection_c.c\n'}
[0.400775] (-) TimerEvent: {}
[0.406518] (polystar_msgs) StdoutLine: {'line': b"Listing '/home/ozone/robomaster-cv/ros_ws/install/polystar_msgs/lib/python3.10/site-packages/polystar_msgs'...\n"}
[0.406638] (polystar_msgs) StdoutLine: {'line': b"Listing '/home/ozone/robomaster-cv/ros_ws/install/polystar_msgs/lib/python3.10/site-packages/polystar_msgs/msg'...\n"}
[0.409701] (polystar_msgs) StdoutLine: {'line': b'-- Up-to-date: /home/ozone/robomaster-cv/ros_ws/install/polystar_msgs/lib/python3.10/site-packages/polystar_msgs/polystar_msgs_s__rosidl_typesupport_fastrtps_c.cpython-310-x86_64-linux-gnu.so\n'}
[0.410300] (polystar_msgs) StdoutLine: {'line': b'-- Up-to-date: /home/ozone/robomaster-cv/ros_ws/install/polystar_msgs/lib/python3.10/site-packages/polystar_msgs/polystar_msgs_s__rosidl_typesupport_introspection_c.cpython-310-x86_64-linux-gnu.so\n'}
[0.410860] (polystar_msgs) StdoutLine: {'line': b'-- Up-to-date: /home/ozone/robomaster-cv/ros_ws/install/polystar_msgs/lib/python3.10/site-packages/polystar_msgs/polystar_msgs_s__rosidl_typesupport_c.cpython-310-x86_64-linux-gnu.so\n'}
[0.411353] (polystar_msgs) StdoutLine: {'line': b'-- Up-to-date: /home/ozone/robomaster-cv/ros_ws/install/polystar_msgs/lib/libpolystar_msgs__rosidl_generator_py.so\n'}
[0.411509] (polystar_msgs) StdoutLine: {'line': b'-- Up-to-date: /home/ozone/robomaster-cv/ros_ws/install/polystar_msgs/share/polystar_msgs/msg/HP.idl\n'}
[0.411617] (polystar_msgs) StdoutLine: {'line': b'-- Up-to-date: /home/ozone/robomaster-cv/ros_ws/install/polystar_msgs/share/polystar_msgs/msg/SwitchOrder.idl\n'}
[0.411771] (polystar_msgs) StdoutLine: {'line': b'-- Up-to-date: /home/ozone/robomaster-cv/ros_ws/install/polystar_msgs/share/polystar_msgs/msg/Target.idl\n'}
[0.411874] (polystar_msgs) StdoutLine: {'line': b'-- Up-to-date: /home/ozone/robomaster-cv/ros_ws/install/polystar_msgs/share/polystar_msgs/msg/Movement.idl\n'}
[0.411960] (polystar_msgs) StdoutLine: {'line': b'-- Up-to-date: /home/ozone/robomaster-cv/ros_ws/install/polystar_msgs/share/polystar_msgs/msg/GameStatus.idl\n'}
[0.412043] (polystar_msgs) StdoutLine: {'line': b'-- Up-to-date: /home/ozone/robomaster-cv/ros_ws/install/polystar_msgs/share/polystar_msgs/msg/GameStage.idl\n'}
[0.412123] (polystar_msgs) StdoutLine: {'line': b'-- Up-to-date: /home/ozone/robomaster-cv/ros_ws/install/polystar_msgs/share/polystar_msgs/msg/TurretFeedback.idl\n'}
[0.412203] (polystar_msgs) StdoutLine: {'line': b'-- Up-to-date: /home/ozone/robomaster-cv/ros_ws/install/polystar_msgs/share/polystar_msgs/msg/PositionFeedback.idl\n'}
[0.412263] (polystar_msgs) StdoutLine: {'line': b'-- Up-to-date: /home/ozone/robomaster-cv/ros_ws/install/polystar_msgs/share/polystar_msgs/msg/Shoot.idl\n'}
[0.412296] (polystar_msgs) StdoutLine: {'line': b'-- Up-to-date: /home/ozone/robomaster-cv/ros_ws/install/polystar_msgs/share/polystar_msgs/msg/HP.msg\n'}
[0.412354] (polystar_msgs) StdoutLine: {'line': b'-- Up-to-date: /home/ozone/robomaster-cv/ros_ws/install/polystar_msgs/share/polystar_msgs/msg/SwitchOrder.msg\n'}
[0.412564] (polystar_msgs) StdoutLine: {'line': b'-- Up-to-date: /home/ozone/robomaster-cv/ros_ws/install/polystar_msgs/share/polystar_msgs/msg/Target.msg\n'}
[0.412760] (polystar_msgs) StdoutLine: {'line': b'-- Up-to-date: /home/ozone/robomaster-cv/ros_ws/install/polystar_msgs/share/polystar_msgs/msg/Movement.msg\n'}
[0.412819] (polystar_msgs) StdoutLine: {'line': b'-- Up-to-date: /home/ozone/robomaster-cv/ros_ws/install/polystar_msgs/share/polystar_msgs/msg/GameStatus.msg\n'}
[0.412848] (polystar_msgs) StdoutLine: {'line': b'-- Up-to-date: /home/ozone/robomaster-cv/ros_ws/install/polystar_msgs/share/polystar_msgs/msg/GameStage.msg\n'}
[0.412901] (polystar_msgs) StdoutLine: {'line': b'-- Up-to-date: /home/ozone/robomaster-cv/ros_ws/install/polystar_msgs/share/polystar_msgs/msg/TurretFeedback.msg\n'}
[0.412962] (polystar_msgs) StdoutLine: {'line': b'-- Up-to-date: /home/ozone/robomaster-cv/ros_ws/install/polystar_msgs/share/polystar_msgs/msg/PositionFeedback.msg\n'}
[0.413022] (polystar_msgs) StdoutLine: {'line': b'-- Up-to-date: /home/ozone/robomaster-cv/ros_ws/install/polystar_msgs/share/polystar_msgs/msg/Shoot.msg\n'}
[0.413202] (polystar_msgs) StdoutLine: {'line': b'-- Up-to-date: /home/ozone/robomaster-cv/ros_ws/install/polystar_msgs/share/ament_index/resource_index/package_run_dependencies/polystar_msgs\n'}
[0.413261] (polystar_msgs) StdoutLine: {'line': b'-- Up-to-date: /home/ozone/robomaster-cv/ros_ws/install/polystar_msgs/share/ament_index/resource_index/parent_prefix_path/polystar_msgs\n'}
[0.413292] (polystar_msgs) StdoutLine: {'line': b'-- Up-to-date: /home/ozone/robomaster-cv/ros_ws/install/polystar_msgs/share/polystar_msgs/environment/ament_prefix_path.sh\n'}
[0.413358] (polystar_msgs) StdoutLine: {'line': b'-- Up-to-date: /home/ozone/robomaster-cv/ros_ws/install/polystar_msgs/share/polystar_msgs/environment/ament_prefix_path.dsv\n'}
[0.413441] (polystar_msgs) StdoutLine: {'line': b'-- Up-to-date: /home/ozone/robomaster-cv/ros_ws/install/polystar_msgs/share/polystar_msgs/environment/path.sh\n'}
[0.413588] (polystar_msgs) StdoutLine: {'line': b'-- Up-to-date: /home/ozone/robomaster-cv/ros_ws/install/polystar_msgs/share/polystar_msgs/environment/path.dsv\n'}
[0.413681] (polystar_msgs) StdoutLine: {'line': b'-- Up-to-date: /home/ozone/robomaster-cv/ros_ws/install/polystar_msgs/share/polystar_msgs/local_setup.bash\n'}
[0.413756] (polystar_msgs) StdoutLine: {'line': b'-- Up-to-date: /home/ozone/robomaster-cv/ros_ws/install/polystar_msgs/share/polystar_msgs/local_setup.sh\n'}
[0.413905] (polystar_msgs) StdoutLine: {'line': b'-- Up-to-date: /home/ozone/robomaster-cv/ros_ws/install/polystar_msgs/share/polystar_msgs/local_setup.zsh\n'}
[0.413969] (polystar_msgs) StdoutLine: {'line': b'-- Up-to-date: /home/ozone/robomaster-cv/ros_ws/install/polystar_msgs/share/polystar_msgs/local_setup.dsv\n'}
[0.414001] (polystar_msgs) StdoutLine: {'line': b'-- Up-to-date: /home/ozone/robomaster-cv/ros_ws/install/polystar_msgs/share/polystar_msgs/package.dsv\n'}
[0.414029] (polystar_msgs) StdoutLine: {'line': b'-- Up-to-date: /home/ozone/robomaster-cv/ros_ws/install/polystar_msgs/share/ament_index/resource_index/packages/polystar_msgs\n'}
[0.414055] (polystar_msgs) StdoutLine: {'line': b'-- Up-to-date: /home/ozone/robomaster-cv/ros_ws/install/polystar_msgs/share/polystar_msgs/cmake/export_polystar_msgs__rosidl_generator_cExport.cmake\n'}
[0.414086] (polystar_msgs) StdoutLine: {'line': b'-- Up-to-date: /home/ozone/robomaster-cv/ros_ws/install/polystar_msgs/share/polystar_msgs/cmake/export_polystar_msgs__rosidl_generator_cExport-noconfig.cmake\n'}
[0.414111] (polystar_msgs) StdoutLine: {'line': b'-- Up-to-date: /home/ozone/robomaster-cv/ros_ws/install/polystar_msgs/share/polystar_msgs/cmake/export_polystar_msgs__rosidl_typesupport_fastrtps_cExport.cmake\n'}
[0.414135] (polystar_msgs) StdoutLine: {'line': b'-- Up-to-date: /home/ozone/robomaster-cv/ros_ws/install/polystar_msgs/share/polystar_msgs/cmake/export_polystar_msgs__rosidl_typesupport_fastrtps_cExport-noconfig.cmake\n'}
[0.414160] (polystar_msgs) StdoutLine: {'line': b'-- Up-to-date: /home/ozone/robomaster-cv/ros_ws/install/polystar_msgs/share/polystar_msgs/cmake/export_polystar_msgs__rosidl_generator_cppExport.cmake\n'}
[0.414220] (polystar_msgs) StdoutLine: {'line': b'-- Up-to-date: /home/ozone/robomaster-cv/ros_ws/install/polystar_msgs/share/polystar_msgs/cmake/export_polystar_msgs__rosidl_typesupport_fastrtps_cppExport.cmake\n'}
[0.414312] (polystar_msgs) StdoutLine: {'line': b'-- Up-to-date: /home/ozone/robomaster-cv/ros_ws/install/polystar_msgs/share/polystar_msgs/cmake/export_polystar_msgs__rosidl_typesupport_fastrtps_cppExport-noconfig.cmake\n'}
[0.414724] (polystar_msgs) StdoutLine: {'line': b'-- Up-to-date: /home/ozone/robomaster-cv/ros_ws/install/polystar_msgs/share/polystar_msgs/cmake/polystar_msgs__rosidl_typesupport_introspection_cExport.cmake\n'}
[0.414786] (polystar_msgs) StdoutLine: {'line': b'-- Up-to-date: /home/ozone/robomaster-cv/ros_ws/install/polystar_msgs/share/polystar_msgs/cmake/polystar_msgs__rosidl_typesupport_introspection_cExport-noconfig.cmake\n'}
[0.415061] (polystar_msgs) StdoutLine: {'line': b'-- Up-to-date: /home/ozone/robomaster-cv/ros_ws/install/polystar_msgs/share/polystar_msgs/cmake/polystar_msgs__rosidl_typesupport_cExport.cmake\n'}
[0.415221] (polystar_msgs) StdoutLine: {'line': b'-- Up-to-date: /home/ozone/robomaster-cv/ros_ws/install/polystar_msgs/share/polystar_msgs/cmake/polystar_msgs__rosidl_typesupport_cExport-noconfig.cmake\n'}
[0.415423] (polystar_msgs) StdoutLine: {'line': b'-- Up-to-date: /home/ozone/robomaster-cv/ros_ws/install/polystar_msgs/share/polystar_msgs/cmake/polystar_msgs__rosidl_typesupport_introspection_cppExport.cmake\n'}
[0.415531] (polystar_msgs) StdoutLine: {'line': b'-- Up-to-date: /home/ozone/robomaster-cv/ros_ws/install/polystar_msgs/share/polystar_msgs/cmake/polystar_msgs__rosidl_typesupport_introspection_cppExport-noconfig.cmake\n'}
[0.415809] (polystar_msgs) StdoutLine: {'line': b'-- Up-to-date: /home/ozone/robomaster-cv/ros_ws/install/polystar_msgs/share/polystar_msgs/cmake/polystar_msgs__rosidl_typesupport_cppExport.cmake\n'}
[0.415972] (polystar_msgs) StdoutLine: {'line': b'-- Up-to-date: /home/ozone/robomaster-cv/ros_ws/install/polystar_msgs/share/polystar_msgs/cmake/polystar_msgs__rosidl_typesupport_cppExport-noconfig.cmake\n'}
[0.416192] (polystar_msgs) StdoutLine: {'line': b'-- Up-to-date: /home/ozone/robomaster-cv/ros_ws/install/polystar_msgs/share/polystar_msgs/cmake/export_polystar_msgs__rosidl_generator_pyExport.cmake\n'}
[0.416359] (polystar_msgs) StdoutLine: {'line': b'-- Up-to-date: /home/ozone/robomaster-cv/ros_ws/install/polystar_msgs/share/polystar_msgs/cmake/export_polystar_msgs__rosidl_generator_pyExport-noconfig.cmake\n'}
[0.416519] (polystar_msgs) StdoutLine: {'line': b'-- Up-to-date: /home/ozone/robomaster-cv/ros_ws/install/polystar_msgs/share/polystar_msgs/cmake/rosidl_cmake-extras.cmake\n'}
[0.416575] (polystar_msgs) StdoutLine: {'line': b'-- Up-to-date: /home/ozone/robomaster-cv/ros_ws/install/polystar_msgs/share/polystar_msgs/cmake/ament_cmake_export_dependencies-extras.cmake\n'}
[0.416632] (polystar_msgs) StdoutLine: {'line': b'-- Up-to-date: /home/ozone/robomaster-cv/ros_ws/install/polystar_msgs/share/polystar_msgs/cmake/ament_cmake_export_include_directories-extras.cmake\n'}
[0.416712] (polystar_msgs) StdoutLine: {'line': b'-- Up-to-date: /home/ozone/robomaster-cv/ros_ws/install/polystar_msgs/share/polystar_msgs/cmake/ament_cmake_export_libraries-extras.cmake\n'}
[0.416838] (polystar_msgs) StdoutLine: {'line': b'-- Up-to-date: /home/ozone/robomaster-cv/ros_ws/install/polystar_msgs/share/polystar_msgs/cmake/ament_cmake_export_targets-extras.cmake\n'}
[0.416871] (polystar_msgs) StdoutLine: {'line': b'-- Up-to-date: /home/ozone/robomaster-cv/ros_ws/install/polystar_msgs/share/polystar_msgs/cmake/rosidl_cmake_export_typesupport_targets-extras.cmake\n'}
[0.416900] (polystar_msgs) StdoutLine: {'line': b'-- Up-to-date: /home/ozone/robomaster-cv/ros_ws/install/polystar_msgs/share/polystar_msgs/cmake/rosidl_cmake_export_typesupport_libraries-extras.cmake\n'}
[0.416926] (polystar_msgs) StdoutLine: {'line': b'-- Up-to-date: /home/ozone/robomaster-cv/ros_ws/install/polystar_msgs/share/polystar_msgs/cmake/polystar_msgsConfig.cmake\n'}
[0.416952] (polystar_msgs) StdoutLine: {'line': b'-- Up-to-date: /home/ozone/robomaster-cv/ros_ws/install/polystar_msgs/share/polystar_msgs/cmake/polystar_msgsConfig-version.cmake\n'}
[0.416978] (polystar_msgs) StdoutLine: {'line': b'-- Up-to-date: /home/ozone/robomaster-cv/ros_ws/install/polystar_msgs/share/polystar_msgs/package.xml\n'}
[0.417873] (polystar_msgs) CommandEnded: {'returncode': 0}
[0.433132] (polystar_msgs) JobEnded: {'identifier': 'polystar_msgs', 'rc': 0}
[0.434099] (serial) JobStarted: {'identifier': 'serial'}
[0.459715] (tracking) Command: {'cmd': ['/usr/bin/python3', '-W', 'ignore:setup.py install is deprecated', 'setup.py', 'egg_info', '--egg-base', '../../build/tracking', 'build', '--build-base', '/home/ozone/robomaster-cv/ros_ws/build/tracking/build', 'install', '--record', '/home/ozone/robomaster-cv/ros_ws/build/tracking/install.log', '--single-version-externally-managed', 'install_data'], 'cwd': '/home/ozone/robomaster-cv/ros_ws/src/tracking', 'env': {'LESSOPEN': '| /usr/bin/lesspipe %s', 'USER': 'ozone', 'GIT_ASKPASS': '/home/ozone/.vscode-server/bin/4949701c880d4bdb949e3c0e6b400288da7f474b/extensions/git/dist/askpass.sh', 'SHLVL': '1', 'LD_LIBRARY_PATH': '/opt/ros/iron/opt/rviz_ogre_vendor/lib:/opt/ros/iron/lib/x86_64-linux-gnu:/opt/ros/iron/lib', 'MOTD_SHOWN': 'update-motd', 'HOME': '/home/ozone', 'OLDPWD': '/home/ozone/robomaster-cv', 'TERM_PROGRAM_VERSION': '1.99.2', 'VSCODE_IPC_HOOK_CLI': '/run/user/1000/vscode-ipc-d2cd2c0e-905c-4d11-a3c1-bf9fdbcd5d40.sock', 'ROS_PYTHON_VERSION': '3', 'VSCODE_GIT_ASKPASS_MAIN': '/home/ozone/.vscode-server/bin/4949701c880d4bdb949e3c0e6b400288da7f474b/extensions/git/dist/askpass-main.js', 'VSCODE_GIT_ASKPASS_NODE': '/home/ozone/.vscode-server/bin/4949701c880d4bdb949e3c0e6b400288da7f474b/node', 'DBUS_SESSION_BUS_ADDRESS': 'unix:path=/run/user/1000/bus', 'COLORTERM': 'truecolor', 'WSL_DISTRO_NAME': 'Ubuntu', 'WAYLAND_DISPLAY': 'wayland-0', 'ROS_DISTRO': 'iron', 'LOGNAME': 'ozone', 'NAME': 'Laptop', 'WSL_INTEROP': '/run/WSL/588_interop', 'PULSE_SERVER': 'unix:/mnt/wslg/PulseServer', '_': '/usr/bin/colcon', 'ROS_VERSION': '2', 'TERM': 'xterm-256color', 'PATH': '/opt/ros/iron/bin:/home/ozone/.vscode-server/bin/4949701c880d4bdb949e3c0e6b400288da7f474b/bin/remote-cli:/usr/local/sbin:/usr/local/bin:/usr/sbin:/usr/bin:/sbin:/bin:/usr/games:/usr/local/games:/usr/lib/wsl/lib:/mnt/c/Program Files (x86)/Common Files/Oracle/Java/java8path:/mnt/c/Program Files (x86)/Common Files/Oracle/Java/javapath:/mnt/c/Windows/system32:/mnt/c/Windows:/mnt/c/Windows/System32/Wbem:/mnt/c/Windows/System32/WindowsPowerShell/v1.0/:/mnt/c/Windows/System32/OpenSSH/:/mnt/c/Program Files (x86)/NVIDIA Corporation/PhysX/Common:/mnt/c/Program Files/NVIDIA Corporation/NVIDIA NvDLISR:/mnt/c/Program Files/Git/cmd:/mnt/c/Program Files/Docker/Docker/resources/bin:/mnt/c/Users/thope/AppData/Roaming/nvm:/mnt/c/Program Files/nodejs:/mnt/c/Program Files (x86)/Windows Kits/10/Windows Performance Toolkit/:/mnt/c/WINDOWS/system32:/mnt/c/WINDOWS:/mnt/c/WINDOWS/System32/Wbem:/mnt/c/WINDOWS/System32/WindowsPowerShell/v1.0/:/mnt/c/WINDOWS/System32/OpenSSH/:/mnt/c/Program Files/dotnet/:/mnt/c/Users/thope/AppData/Local/Programs/Python/Python312:/mnt/c/Users/thope/AppData/Local/Microsoft/WindowsApps:/mnt/c/Users/thope/AppData/Local/Programs/Python/Python312/Scripts:/mnt/c/Users/thope/AppData/Local/Programs/Microsoft VS Code/bin:/mnt/c/Users/thope/AppData/Roaming/nvm:/mnt/c/Program Files/nodejs:/mnt/c/Users/thope/OneDrive/Desktop/School/H25/Projet/flutter/bin:/mnt/c/Users/thope/AppData/Local/Muse Hub/lib:/snap/bin', 'XDG_RUNTIME_DIR': '/run/user/1000/', 'DISPLAY': ':0', 'LANG': 'C.UTF-8', 'LS_COLORS': 'rs=0:di=01;34:ln=01;36:mh=00:pi=40;33:so=01;35:do=01;35:bd=40;33;01:cd=40;33;01:or=40;31;01:mi=00:su=37;41:sg=30;43:ca=30;41:tw=30;42:ow=34;42:st=37;44:ex=01;32:*.tar=01;31:*.tgz=01;31:*.arc=01;31:*.arj=01;31:*.taz=01;31:*.lha=01;31:*.lz4=01;31:*.lzh=01;31:*.lzma=01;31:*.tlz=01;31:*.txz=01;31:*.tzo=01;31:*.t7z=01;31:*.zip=01;31:*.z=01;31:*.dz=01;31:*.gz=01;31:*.lrz=01;31:*.lz=01;31:*.lzo=01;31:*.xz=01;31:*.zst=01;31:*.tzst=01;31:*.bz2=01;31:*.bz=01;31:*.tbz=01;31:*.tbz2=01;31:*.tz=01;31:*.deb=01;31:*.rpm=01;31:*.jar=01;31:*.war=01;31:*.ear=01;31:*.sar=01;31:*.rar=01;31:*.alz=01;31:*.ace=01;31:*.zoo=01;31:*.cpio=01;31:*.7z=01;31:*.rz=01;31:*.cab=01;31:*.wim=01;31:*.swm=01;31:*.dwm=01;31:*.esd=01;31:*.jpg=01;35:*.jpeg=01;35:*.mjpg=01;35:*.mjpeg=01;35:*.gif=01;35:*.bmp=01;35:*.pbm=01;35:*.pgm=01;35:*.ppm=01;35:*.tga=01;35:*.xbm=01;35:*.xpm=01;35:*.tif=01;35:*.tiff=01;35:*.png=01;35:*.svg=01;35:*.svgz=01;35:*.mng=01;35:*.pcx=01;35:*.mov=01;35:*.mpg=01;35:*.mpeg=01;35:*.m2v=01;35:*.mkv=01;35:*.webm=01;35:*.webp=01;35:*.ogm=01;35:*.mp4=01;35:*.m4v=01;35:*.mp4v=01;35:*.vob=01;35:*.qt=01;35:*.nuv=01;35:*.wmv=01;35:*.asf=01;35:*.rm=01;35:*.rmvb=01;35:*.flc=01;35:*.avi=01;35:*.fli=01;35:*.flv=01;35:*.gl=01;35:*.dl=01;35:*.xcf=01;35:*.xwd=01;35:*.yuv=01;35:*.cgm=01;35:*.emf=01;35:*.ogv=01;35:*.ogx=01;35:*.aac=00;36:*.au=00;36:*.flac=00;36:*.m4a=00;36:*.mid=00;36:*.midi=00;36:*.mka=00;36:*.mp3=00;36:*.mpc=00;36:*.ogg=00;36:*.ra=00;36:*.wav=00;36:*.oga=00;36:*.opus=00;36:*.spx=00;36:*.xspf=00;36:', 'VSCODE_GIT_IPC_HANDLE': '/run/user/1000/vscode-git-6effc2bb41.sock', 'TERM_PROGRAM': 'vscode', 'AMENT_PREFIX_PATH': '/opt/ros/iron', 'SHELL': '/bin/bash', 'LESSCLOSE': '/usr/bin/lesspipe %s %s', 'ROS_AUTOMATIC_DISCOVERY_RANGE': 'SUBNET', 'VSCODE_GIT_ASKPASS_EXTRA_ARGS': '', 'PWD': '/home/ozone/robomaster-cv/ros_ws/build/tracking', 'XDG_DATA_DIRS': '/usr/local/share:/usr/share:/var/lib/snapd/desktop', 'PYTHONPATH': '/home/ozone/robomaster-cv/ros_ws/build/tracking/prefix_override:/usr/lib/python3/dist-packages/colcon_core/task/python/colcon_distutils_commands:/home/ozone/robomaster-cv/ros_ws/install/tracking/lib/python3.10/site-packages:/opt/ros/iron/lib/python3.10/site-packages', 'COLCON': '1', 'WSL2_GUI_APPS_ENABLED': '1', 'HOSTTYPE': 'x86_64', 'WSLENV': 'VSCODE_WSL_EXT_LOCATION/up:VSCODE_SERVER_TAR/up'}, 'shell': False}
[0.500886] (-) TimerEvent: {}
[0.575427] (tracking) StdoutLine: {'line': b'running egg_info\n'}
[0.575717] (tracking) StdoutLine: {'line': b'creating ../../build/tracking/tracking.egg-info\n'}
[0.576339] (tracking) StdoutLine: {'line': b'writing ../../build/tracking/tracking.egg-info/PKG-INFO\n'}
[0.576530] (tracking) StdoutLine: {'line': b'writing dependency_links to ../../build/tracking/tracking.egg-info/dependency_links.txt\n'}
[0.576720] (tracking) StdoutLine: {'line': b'writing entry points to ../../build/tracking/tracking.egg-info/entry_points.txt\n'}
[0.576789] (tracking) StdoutLine: {'line': b'writing requirements to ../../build/tracking/tracking.egg-info/requires.txt\n'}
[0.576824] (tracking) StdoutLine: {'line': b'writing top-level names to ../../build/tracking/tracking.egg-info/top_level.txt\n'}
[0.576855] (tracking) StdoutLine: {'line': b"writing manifest file '../../build/tracking/tracking.egg-info/SOURCES.txt'\n"}
[0.578040] (tracking) StdoutLine: {'line': b"reading manifest file '../../build/tracking/tracking.egg-info/SOURCES.txt'\n"}
[0.578407] (tracking) StdoutLine: {'line': b"writing manifest file '../../build/tracking/tracking.egg-info/SOURCES.txt'\n"}
[0.578539] (tracking) StdoutLine: {'line': b'running build\n'}
[0.578710] (tracking) StdoutLine: {'line': b'running build_py\n'}
[0.578751] (tracking) StdoutLine: {'line': b'creating /home/ozone/robomaster-cv/ros_ws/build/tracking/build\n'}
[0.578931] (tracking) StdoutLine: {'line': b'creating /home/ozone/robomaster-cv/ros_ws/build/tracking/build/lib\n'}
[0.579011] (tracking) StdoutLine: {'line': b'creating /home/ozone/robomaster-cv/ros_ws/build/tracking/build/lib/motpy\n'}
[0.579095] (tracking) StdoutLine: {'line': b'copying src/motpy/metrics.py -> /home/ozone/robomaster-cv/ros_ws/build/tracking/build/lib/motpy\n'}
[0.579406] (tracking) StdoutLine: {'line': b'copying src/motpy/model.py -> /home/ozone/robomaster-cv/ros_ws/build/tracking/build/lib/motpy\n'}
[0.579652] (tracking) StdoutLine: {'line': b'copying src/motpy/tracker.py -> /home/ozone/robomaster-cv/ros_ws/build/tracking/build/lib/motpy\n'}
[0.579917] (tracking) StdoutLine: {'line': b'copying src/motpy/__init__.py -> /home/ozone/robomaster-cv/ros_ws/build/tracking/build/lib/motpy\n'}
[0.580237] (tracking) StdoutLine: {'line': b'copying src/motpy/testing.py -> /home/ozone/robomaster-cv/ros_ws/build/tracking/build/lib/motpy\n'}
[0.580445] (tracking) StdoutLine: {'line': b'copying src/motpy/detector.py -> /home/ozone/robomaster-cv/ros_ws/build/tracking/build/lib/motpy\n'}
[0.580804] (tracking) StdoutLine: {'line': b'copying src/motpy/testing_viz.py -> /home/ozone/robomaster-cv/ros_ws/build/tracking/build/lib/motpy\n'}
[0.580968] (tracking) StdoutLine: {'line': b'copying src/motpy/utils.py -> /home/ozone/robomaster-cv/ros_ws/build/tracking/build/lib/motpy\n'}
[0.581088] (tracking) StdoutLine: {'line': b'copying src/motpy/core.py -> /home/ozone/robomaster-cv/ros_ws/build/tracking/build/lib/motpy\n'}
[0.581370] (tracking) StdoutLine: {'line': b'running install\n'}
[0.581647] (tracking) StdoutLine: {'line': b'running install_lib\n'}
[0.581948] (tracking) StdoutLine: {'line': b'creating /home/ozone/robomaster-cv/ros_ws/install/tracking/lib/python3.10/site-packages/motpy\n'}
[0.582083] (tracking) StdoutLine: {'line': b'copying /home/ozone/robomaster-cv/ros_ws/build/tracking/build/lib/motpy/metrics.py -> /home/ozone/robomaster-cv/ros_ws/install/tracking/lib/python3.10/site-packages/motpy\n'}
[0.582376] (tracking) StdoutLine: {'line': b'copying /home/ozone/robomaster-cv/ros_ws/build/tracking/build/lib/motpy/model.py -> /home/ozone/robomaster-cv/ros_ws/install/tracking/lib/python3.10/site-packages/motpy\n'}
[0.582547] (tracking) StdoutLine: {'line': b'copying /home/ozone/robomaster-cv/ros_ws/build/tracking/build/lib/motpy/tracker.py -> /home/ozone/robomaster-cv/ros_ws/install/tracking/lib/python3.10/site-packages/motpy\n'}
[0.582584] (tracking) StdoutLine: {'line': b'copying /home/ozone/robomaster-cv/ros_ws/build/tracking/build/lib/motpy/__init__.py -> /home/ozone/robomaster-cv/ros_ws/install/tracking/lib/python3.10/site-packages/motpy\n'}
[0.582613] (tracking) StdoutLine: {'line': b'copying /home/ozone/robomaster-cv/ros_ws/build/tracking/build/lib/motpy/testing.py -> /home/ozone/robomaster-cv/ros_ws/install/tracking/lib/python3.10/site-packages/motpy\n'}
[0.582663] (tracking) StdoutLine: {'line': b'copying /home/ozone/robomaster-cv/ros_ws/build/tracking/build/lib/motpy/detector.py -> /home/ozone/robomaster-cv/ros_ws/install/tracking/lib/python3.10/site-packages/motpy\n'}
[0.582706] (tracking) StdoutLine: {'line': b'copying /home/ozone/robomaster-cv/ros_ws/build/tracking/build/lib/motpy/testing_viz.py -> /home/ozone/robomaster-cv/ros_ws/install/tracking/lib/python3.10/site-packages/motpy\n'}
[0.582735] (tracking) StdoutLine: {'line': b'copying /home/ozone/robomaster-cv/ros_ws/build/tracking/build/lib/motpy/utils.py -> /home/ozone/robomaster-cv/ros_ws/install/tracking/lib/python3.10/site-packages/motpy\n'}
[0.582773] (tracking) StdoutLine: {'line': b'copying /home/ozone/robomaster-cv/ros_ws/build/tracking/build/lib/motpy/core.py -> /home/ozone/robomaster-cv/ros_ws/install/tracking/lib/python3.10/site-packages/motpy\n'}
[0.582887] (tracking) StdoutLine: {'line': b'byte-compiling /home/ozone/robomaster-cv/ros_ws/install/tracking/lib/python3.10/site-packages/motpy/metrics.py to metrics.cpython-310.pyc\n'}
[0.583182] (tracking) StdoutLine: {'line': b'byte-compiling /home/ozone/robomaster-cv/ros_ws/install/tracking/lib/python3.10/site-packages/motpy/model.py to model.cpython-310.pyc\n'}
[0.584078] (tracking) StdoutLine: {'line': b'byte-compiling /home/ozone/robomaster-cv/ros_ws/install/tracking/lib/python3.10/site-packages/motpy/tracker.py to tracker.cpython-310.pyc\n'}
[0.584611] (serial) JobProgress: {'identifier': 'serial', 'progress': 'cmake'}
[0.585358] (serial) JobProgress: {'identifier': 'serial', 'progress': 'build'}
[0.585465] (tracking) StdoutLine: {'line': b'byte-compiling /home/ozone/robomaster-cv/ros_ws/install/tracking/lib/python3.10/site-packages/motpy/__init__.py to __init__.cpython-310.pyc\n'}
[0.585564] (tracking) StdoutLine: {'line': b'byte-compiling /home/ozone/robomaster-cv/ros_ws/install/tracking/lib/python3.10/site-packages/motpy/testing.py to testing.cpython-310.pyc\n'}
[0.585814] (serial) Command: {'cmd': ['/usr/bin/cmake', '--build', '/home/ozone/robomaster-cv/ros_ws/build/serial', '--', '-j16', '-l16'], 'cwd': '/home/ozone/robomaster-cv/ros_ws/build/serial', 'env': OrderedDict([('LESSOPEN', '| /usr/bin/lesspipe %s'), ('USER', 'ozone'), ('GIT_ASKPASS', '/home/ozone/.vscode-server/bin/4949701c880d4bdb949e3c0e6b400288da7f474b/extensions/git/dist/askpass.sh'), ('SHLVL', '1'), ('LD_LIBRARY_PATH', '/home/ozone/robomaster-cv/ros_ws/install/polystar_msgs/lib:/opt/ros/iron/opt/rviz_ogre_vendor/lib:/opt/ros/iron/lib/x86_64-linux-gnu:/opt/ros/iron/lib'), ('MOTD_SHOWN', 'update-motd'), ('HOME', '/home/ozone'), ('OLDPWD', '/home/ozone/robomaster-cv'), ('TERM_PROGRAM_VERSION', '1.99.2'), ('VSCODE_IPC_HOOK_CLI', '/run/user/1000/vscode-ipc-d2cd2c0e-905c-4d11-a3c1-bf9fdbcd5d40.sock'), ('ROS_PYTHON_VERSION', '3'), ('VSCODE_GIT_ASKPASS_MAIN', '/home/ozone/.vscode-server/bin/4949701c880d4bdb949e3c0e6b400288da7f474b/extensions/git/dist/askpass-main.js'), ('VSCODE_GIT_ASKPASS_NODE', '/home/ozone/.vscode-server/bin/4949701c880d4bdb949e3c0e6b400288da7f474b/node'), ('DBUS_SESSION_BUS_ADDRESS', 'unix:path=/run/user/1000/bus'), ('COLORTERM', 'truecolor'), ('WSL_DISTRO_NAME', 'Ubuntu'), ('WAYLAND_DISPLAY', 'wayland-0'), ('ROS_DISTRO', 'iron'), ('LOGNAME', 'ozone'), ('NAME', 'Laptop'), ('WSL_INTEROP', '/run/WSL/588_interop'), ('PULSE_SERVER', 'unix:/mnt/wslg/PulseServer'), ('_', '/usr/bin/colcon'), ('ROS_VERSION', '2'), ('TERM', 'xterm-256color'), ('PATH', '/opt/ros/iron/bin:/home/ozone/.vscode-server/bin/4949701c880d4bdb949e3c0e6b400288da7f474b/bin/remote-cli:/usr/local/sbin:/usr/local/bin:/usr/sbin:/usr/bin:/sbin:/bin:/usr/games:/usr/local/games:/usr/lib/wsl/lib:/mnt/c/Program Files (x86)/Common Files/Oracle/Java/java8path:/mnt/c/Program Files (x86)/Common Files/Oracle/Java/javapath:/mnt/c/Windows/system32:/mnt/c/Windows:/mnt/c/Windows/System32/Wbem:/mnt/c/Windows/System32/WindowsPowerShell/v1.0/:/mnt/c/Windows/System32/OpenSSH/:/mnt/c/Program Files (x86)/NVIDIA Corporation/PhysX/Common:/mnt/c/Program Files/NVIDIA Corporation/NVIDIA NvDLISR:/mnt/c/Program Files/Git/cmd:/mnt/c/Program Files/Docker/Docker/resources/bin:/mnt/c/Users/thope/AppData/Roaming/nvm:/mnt/c/Program Files/nodejs:/mnt/c/Program Files (x86)/Windows Kits/10/Windows Performance Toolkit/:/mnt/c/WINDOWS/system32:/mnt/c/WINDOWS:/mnt/c/WINDOWS/System32/Wbem:/mnt/c/WINDOWS/System32/WindowsPowerShell/v1.0/:/mnt/c/WINDOWS/System32/OpenSSH/:/mnt/c/Program Files/dotnet/:/mnt/c/Users/thope/AppData/Local/Programs/Python/Python312:/mnt/c/Users/thope/AppData/Local/Microsoft/WindowsApps:/mnt/c/Users/thope/AppData/Local/Programs/Python/Python312/Scripts:/mnt/c/Users/thope/AppData/Local/Programs/Microsoft VS Code/bin:/mnt/c/Users/thope/AppData/Roaming/nvm:/mnt/c/Program Files/nodejs:/mnt/c/Users/thope/OneDrive/Desktop/School/H25/Projet/flutter/bin:/mnt/c/Users/thope/AppData/Local/Muse Hub/lib:/snap/bin'), ('XDG_RUNTIME_DIR', '/run/user/1000/'), ('DISPLAY', ':0'), ('LANG', 'C.UTF-8'), ('LS_COLORS', 'rs=0:di=01;34:ln=01;36:mh=00:pi=40;33:so=01;35:do=01;35:bd=40;33;01:cd=40;33;01:or=40;31;01:mi=00:su=37;41:sg=30;43:ca=30;41:tw=30;42:ow=34;42:st=37;44:ex=01;32:*.tar=01;31:*.tgz=01;31:*.arc=01;31:*.arj=01;31:*.taz=01;31:*.lha=01;31:*.lz4=01;31:*.lzh=01;31:*.lzma=01;31:*.tlz=01;31:*.txz=01;31:*.tzo=01;31:*.t7z=01;31:*.zip=01;31:*.z=01;31:*.dz=01;31:*.gz=01;31:*.lrz=01;31:*.lz=01;31:*.lzo=01;31:*.xz=01;31:*.zst=01;31:*.tzst=01;31:*.bz2=01;31:*.bz=01;31:*.tbz=01;31:*.tbz2=01;31:*.tz=01;31:*.deb=01;31:*.rpm=01;31:*.jar=01;31:*.war=01;31:*.ear=01;31:*.sar=01;31:*.rar=01;31:*.alz=01;31:*.ace=01;31:*.zoo=01;31:*.cpio=01;31:*.7z=01;31:*.rz=01;31:*.cab=01;31:*.wim=01;31:*.swm=01;31:*.dwm=01;31:*.esd=01;31:*.jpg=01;35:*.jpeg=01;35:*.mjpg=01;35:*.mjpeg=01;35:*.gif=01;35:*.bmp=01;35:*.pbm=01;35:*.pgm=01;35:*.ppm=01;35:*.tga=01;35:*.xbm=01;35:*.xpm=01;35:*.tif=01;35:*.tiff=01;35:*.png=01;35:*.svg=01;35:*.svgz=01;35:*.mng=01;35:*.pcx=01;35:*.mov=01;35:*.mpg=01;35:*.mpeg=01;35:*.m2v=01;35:*.mkv=01;35:*.webm=01;35:*.webp=01;35:*.ogm=01;35:*.mp4=01;35:*.m4v=01;35:*.mp4v=01;35:*.vob=01;35:*.qt=01;35:*.nuv=01;35:*.wmv=01;35:*.asf=01;35:*.rm=01;35:*.rmvb=01;35:*.flc=01;35:*.avi=01;35:*.fli=01;35:*.flv=01;35:*.gl=01;35:*.dl=01;35:*.xcf=01;35:*.xwd=01;35:*.yuv=01;35:*.cgm=01;35:*.emf=01;35:*.ogv=01;35:*.ogx=01;35:*.aac=00;36:*.au=00;36:*.flac=00;36:*.m4a=00;36:*.mid=00;36:*.midi=00;36:*.mka=00;36:*.mp3=00;36:*.mpc=00;36:*.ogg=00;36:*.ra=00;36:*.wav=00;36:*.oga=00;36:*.opus=00;36:*.spx=00;36:*.xspf=00;36:'), ('VSCODE_GIT_IPC_HANDLE', '/run/user/1000/vscode-git-6effc2bb41.sock'), ('TERM_PROGRAM', 'vscode'), ('AMENT_PREFIX_PATH', '/opt/ros/iron'), ('SHELL', '/bin/bash'), ('LESSCLOSE', '/usr/bin/lesspipe %s %s'), ('ROS_AUTOMATIC_DISCOVERY_RANGE', 'SUBNET'), ('VSCODE_GIT_ASKPASS_EXTRA_ARGS', ''), ('PWD', '/home/ozone/robomaster-cv/ros_ws/build/serial'), ('XDG_DATA_DIRS', '/usr/local/share:/usr/share:/var/lib/snapd/desktop'), ('PYTHONPATH', '/home/ozone/robomaster-cv/ros_ws/install/polystar_msgs/lib/python3.10/site-packages:/opt/ros/iron/lib/python3.10/site-packages'), ('COLCON', '1'), ('WSL2_GUI_APPS_ENABLED', '1'), ('HOSTTYPE', 'x86_64'), ('WSLENV', 'VSCODE_WSL_EXT_LOCATION/up:VSCODE_SERVER_TAR/up'), ('CMAKE_PREFIX_PATH', '/home/ozone/robomaster-cv/ros_ws/install/polystar_msgs')]), 'shell': False}
[0.588381] (tracking) StdoutLine: {'line': b'byte-compiling /home/ozone/robomaster-cv/ros_ws/install/tracking/lib/python3.10/site-packages/motpy/detector.py to detector.cpython-310.pyc\n'}
[0.588480] (tracking) StdoutLine: {'line': b'byte-compiling /home/ozone/robomaster-cv/ros_ws/install/tracking/lib/python3.10/site-packages/motpy/testing_viz.py to testing_viz.cpython-310.pyc\n'}
[0.588562] (tracking) StdoutLine: {'line': b'byte-compiling /home/ozone/robomaster-cv/ros_ws/install/tracking/lib/python3.10/site-packages/motpy/utils.py to utils.cpython-310.pyc\n'}
[0.588642] (tracking) StdoutLine: {'line': b'byte-compiling /home/ozone/robomaster-cv/ros_ws/install/tracking/lib/python3.10/site-packages/motpy/core.py to core.cpython-310.pyc\n'}
[0.588713] (tracking) StdoutLine: {'line': b'running install_data\n'}
[0.588826] (tracking) StdoutLine: {'line': b'creating /home/ozone/robomaster-cv/ros_ws/install/tracking/share\n'}
[0.588872] (tracking) StdoutLine: {'line': b'creating /home/ozone/robomaster-cv/ros_ws/install/tracking/share/ament_index\n'}
[0.588902] (tracking) StdoutLine: {'line': b'creating /home/ozone/robomaster-cv/ros_ws/install/tracking/share/ament_index/resource_index\n'}
[0.588929] (tracking) StdoutLine: {'line': b'creating /home/ozone/robomaster-cv/ros_ws/install/tracking/share/ament_index/resource_index/packages\n'}
[0.588957] (tracking) StdoutLine: {'line': b'copying resource/tracking -> /home/ozone/robomaster-cv/ros_ws/install/tracking/share/ament_index/resource_index/packages\n'}
[0.588983] (tracking) StdoutLine: {'line': b'creating /home/ozone/robomaster-cv/ros_ws/install/tracking/share/tracking\n'}
[0.589050] (tracking) StdoutLine: {'line': b'copying package.xml -> /home/ozone/robomaster-cv/ros_ws/install/tracking/share/tracking\n'}
[0.589273] (tracking) StdoutLine: {'line': b'running install_egg_info\n'}
[0.590973] (tracking) StdoutLine: {'line': b'Copying ../../build/tracking/tracking.egg-info to /home/ozone/robomaster-cv/ros_ws/install/tracking/lib/python3.10/site-packages/tracking-0.2.0-py3.10.egg-info\n'}
[0.591595] (tracking) StdoutLine: {'line': b'running install_scripts\n'}
[0.600981] (-) TimerEvent: {}
[0.603416] (tracking) StdoutLine: {'line': b'Installing tracking_node script to /home/ozone/robomaster-cv/ros_ws/install/tracking/lib/tracking\n'}
[0.603870] (tracking) StdoutLine: {'line': b"writing list of installed files to '/home/ozone/robomaster-cv/ros_ws/build/tracking/install.log'\n"}
[0.610334] (serial) StdoutLine: {'line': b'\x1b[35m\x1b[1mConsolidate compiler generated dependencies of target serial_interface\x1b[0m\n'}
[0.619397] (tracking) CommandEnded: {'returncode': 0}
[0.622028] (serial) StdoutLine: {'line': b'[ 33%] \x1b[32mBuilding CXX object CMakeFiles/serial_interface.dir/src/serial_spinner.cpp.o\x1b[0m\n'}
[0.622936] (serial) StdoutLine: {'line': b'[ 66%] \x1b[32mBuilding CXX object CMakeFiles/serial_interface.dir/src/serial_interface.cpp.o\x1b[0m\n'}
[0.624493] (tracking) JobEnded: {'identifier': 'tracking', 'rc': 0}
[0.682268] (detection) StdoutLine: {'line': b'-- The CXX compiler identification is GNU 11.4.0\n'}
[0.701099] (-) TimerEvent: {}
[0.801631] (-) TimerEvent: {}
[0.902112] (-) TimerEvent: {}
[0.907833] (detection) StdoutLine: {'line': b'-- Detecting C compiler ABI info\n'}
[1.002730] (-) TimerEvent: {}
[1.083741] (detection) StdoutLine: {'line': b'-- Detecting C compiler ABI info - done\n'}
[1.087846] (detection) StdoutLine: {'line': b'-- Check for working C compiler: /usr/bin/cc - skipped\n'}
[1.090029] (detection) StdoutLine: {'line': b'-- Detecting C compile features\n'}
[1.090496] (detection) StdoutLine: {'line': b'-- Detecting C compile features - done\n'}
[1.093176] (detection) StdoutLine: {'line': b'-- Detecting CXX compiler ABI info\n'}
[1.103085] (-) TimerEvent: {}
[1.204448] (-) TimerEvent: {}
[1.214370] (detection) StdoutLine: {'line': b'-- Detecting CXX compiler ABI info - done\n'}
[1.218796] (detection) StdoutLine: {'line': b'-- Check for working CXX compiler: /usr/bin/c++ - skipped\n'}
[1.218972] (detection) StdoutLine: {'line': b'-- Detecting CXX compile features\n'}
[1.219238] (detection) StdoutLine: {'line': b'-- Detecting CXX compile features - done\n'}
[1.223348] (detection) StdoutLine: {'line': b'-- Found ament_cmake_ros: 0.11.2 (/opt/ros/iron/share/ament_cmake_ros/cmake)\n'}
[1.305135] (-) TimerEvent: {}
[1.337270] (detection) StdoutLine: {'line': b'-- Found Python3: /usr/bin/python3.10 (found version "3.10.12") found components: Interpreter \n'}
[1.406407] (-) TimerEvent: {}
[1.419047] (detection) StdoutLine: {'line': b'-- Found rclcpp: 21.0.7 (/opt/ros/iron/share/rclcpp/cmake)\n'}
[1.506711] (-) TimerEvent: {}
[1.608289] (-) TimerEvent: {}
[1.707331] (detection) StdoutLine: {'line': b'-- Found rosidl_generator_c: 4.0.1 (/opt/ros/iron/share/rosidl_generator_c/cmake)\n'}
[1.708423] (-) TimerEvent: {}
[1.718894] (detection) StdoutLine: {'line': b'-- Found rosidl_generator_cpp: 4.0.1 (/opt/ros/iron/share/rosidl_generator_cpp/cmake)\n'}
[1.735707] (detection) StdoutLine: {'line': b'-- Using all available rosidl_typesupport_c: rosidl_typesupport_fastrtps_c;rosidl_typesupport_introspection_c\n'}
[1.753230] (detection) StdoutLine: {'line': b'-- Using all available rosidl_typesupport_cpp: rosidl_typesupport_fastrtps_cpp;rosidl_typesupport_introspection_cpp\n'}
[1.809992] (-) TimerEvent: {}
[1.875419] (detection) StdoutLine: {'line': b'-- Found rmw_implementation_cmake: 7.1.0 (/opt/ros/iron/share/rmw_implementation_cmake/cmake)\n'}
[1.877982] (detection) StdoutLine: {'line': b'-- Found rmw_fastrtps_cpp: 7.1.4 (/opt/ros/iron/share/rmw_fastrtps_cpp/cmake)\n'}
[1.910876] (-) TimerEvent: {}
[2.012392] (-) TimerEvent: {}
[2.112749] (-) TimerEvent: {}
[2.214278] (-) TimerEvent: {}
[2.315848] (-) TimerEvent: {}
[2.417504] (-) TimerEvent: {}
[2.442399] (serial) StderrLine: {'line': b'In file included from \x1b[01m\x1b[K/home/ozone/robomaster-cv/ros_ws/src/serial/src/serial_interface.cpp:13\x1b[m\x1b[K:\n'}
[2.442801] (serial) StderrLine: {'line': b'\x1b[01m\x1b[K/home/ozone/robomaster-cv/ros_ws/src/serial/include/serial_spinner.hpp:42:46:\x1b[m\x1b[K \x1b[01;31m\x1b[Kerror: \x1b[m\x1b[K\xe2\x80\x98\x1b[01m\x1b[KTargetConstPtr\x1b[m\x1b[K\xe2\x80\x99 in namespace \xe2\x80\x98\x1b[01m\x1b[Kpolystar_msgs\x1b[m\x1b[K\xe2\x80\x99 does not name a type\n'}
[2.443007] (serial) StderrLine: {'line': b'   42 |     void callbackTarget(const polystar_msgs::\x1b[01;31m\x1b[KTargetConstPtr\x1b[m\x1b[K&);\n'}
[2.443200] (serial) StderrLine: {'line': b'      |                                              \x1b[01;31m\x1b[K^~~~~~~~~~~~~~\x1b[m\x1b[K\n'}
[2.443365] (serial) StderrLine: {'line': b'\x1b[01m\x1b[K/home/ozone/robomaster-cv/ros_ws/src/serial/include/serial_spinner.hpp:47:48:\x1b[m\x1b[K \x1b[01;31m\x1b[Kerror: \x1b[m\x1b[K\xe2\x80\x98\x1b[01m\x1b[KMovementConstPtr\x1b[m\x1b[K\xe2\x80\x99 in namespace \xe2\x80\x98\x1b[01m\x1b[Kpolystar_msgs\x1b[m\x1b[K\xe2\x80\x99 does not name a type\n'}
[2.443532] (serial) StderrLine: {'line': b'   47 |     void callbackMovement(const polystar_msgs::\x1b[01;31m\x1b[KMovementConstPtr\x1b[m\x1b[K&);\n'}
[2.443608] (serial) StderrLine: {'line': b'      |                                                \x1b[01;31m\x1b[K^~~~~~~~~~~~~~~~\x1b[m\x1b[K\n'}
[2.443675] (serial) StderrLine: {'line': b'\x1b[01m\x1b[K/home/ozone/robomaster-cv/ros_ws/src/serial/include/serial_spinner.hpp:52:45:\x1b[m\x1b[K \x1b[01;31m\x1b[Kerror: \x1b[m\x1b[K\xe2\x80\x98\x1b[01m\x1b[KShootConstPtr\x1b[m\x1b[K\xe2\x80\x99 in namespace \xe2\x80\x98\x1b[01m\x1b[Kpolystar_msgs\x1b[m\x1b[K\xe2\x80\x99 does not name a type\n'}
[2.443743] (serial) StderrLine: {'line': b'   52 |     void callbackShoot(const polystar_msgs::\x1b[01;31m\x1b[KShootConstPtr\x1b[m\x1b[K&);\n'}
[2.443830] (serial) StderrLine: {'line': b'      |                                             \x1b[01;31m\x1b[K^~~~~~~~~~~~~\x1b[m\x1b[K\n'}
[2.443910] (serial) StderrLine: {'line': b'\x1b[01m\x1b[K/home/ozone/robomaster-cv/ros_ws/src/serial/include/serial_spinner.hpp:65:48:\x1b[m\x1b[K \x1b[01;31m\x1b[Kerror: \x1b[m\x1b[K\xe2\x80\x98\x1b[01m\x1b[KOutgoingMessage\x1b[m\x1b[K\xe2\x80\x99 in namespace \xe2\x80\x98\x1b[01m\x1b[Kpolystar_msgs::msg\x1b[m\x1b[K\xe2\x80\x99 does not name a type\n'}
[2.443998] (serial) StderrLine: {'line': b'   65 |     serializeMessage(const polystar_msgs::msg::\x1b[01;31m\x1b[KOutgoingMessage\x1b[m\x1b[K& message);\n'}
[2.444128] (serial) StderrLine: {'line': b'      |                                                \x1b[01;31m\x1b[K^~~~~~~~~~~~~~~\x1b[m\x1b[K\n'}
[2.444316] (serial) StderrLine: {'line': b'\x1b[01m\x1b[K/home/ozone/robomaster-cv/ros_ws/src/serial/include/serial_spinner.hpp:70:32:\x1b[m\x1b[K \x1b[01;31m\x1b[Kerror: \x1b[m\x1b[K\xe2\x80\x98\x1b[01m\x1b[KIncomingMessage\x1b[m\x1b[K\xe2\x80\x99 in namespace \xe2\x80\x98\x1b[01m\x1b[Kpolystar_msgs::msg\x1b[m\x1b[K\xe2\x80\x99 does not name a type\n'}
[2.444391] (serial) StderrLine: {'line': b'   70 |     static polystar_msgs::msg::\x1b[01;31m\x1b[KIncomingMessage\x1b[m\x1b[K\n'}
[2.444457] (serial) StderrLine: {'line': b'      |                                \x1b[01;31m\x1b[K^~~~~~~~~~~~~~~\x1b[m\x1b[K\n'}
[2.446881] (serial) StderrLine: {'line': b'\x1b[01m\x1b[K/home/ozone/robomaster-cv/ros_ws/src/serial/include/serial_spinner.hpp:100:13:\x1b[m\x1b[K \x1b[01;31m\x1b[Kerror: \x1b[m\x1b[K\xe2\x80\x98\x1b[01m\x1b[KSubscriber\x1b[m\x1b[K\xe2\x80\x99 in namespace \xe2\x80\x98\x1b[01m\x1b[Krclcpp\x1b[m\x1b[K\xe2\x80\x99 does not name a template type\n'}
[2.447043] (serial) StderrLine: {'line': b'  100 |     rclcpp::\x1b[01;31m\x1b[KSubscriber\x1b[m\x1b[K<polystar_msgs::msg::Target> sub_target;\n'}
[2.447163] (serial) StderrLine: {'line': b'      |             \x1b[01;31m\x1b[K^~~~~~~~~~\x1b[m\x1b[K\n'}
[2.447251] (serial) StderrLine: {'line': b'\x1b[01m\x1b[K/home/ozone/robomaster-cv/ros_ws/src/serial/include/serial_spinner.hpp:101:13:\x1b[m\x1b[K \x1b[01;31m\x1b[Kerror: \x1b[m\x1b[K\xe2\x80\x98\x1b[01m\x1b[KSubscriber\x1b[m\x1b[K\xe2\x80\x99 in namespace \xe2\x80\x98\x1b[01m\x1b[Krclcpp\x1b[m\x1b[K\xe2\x80\x99 does not name a template type\n'}
[2.447336] (serial) StderrLine: {'line': b'  101 |     rclcpp::\x1b[01;31m\x1b[KSubscriber\x1b[m\x1b[K<polystar_msgs::msg::Movement> sub_movement;\n'}
[2.447434] (serial) StderrLine: {'line': b'      |             \x1b[01;31m\x1b[K^~~~~~~~~~\x1b[m\x1b[K\n'}
[2.447625] (serial) StderrLine: {'line': b'\x1b[01m\x1b[K/home/ozone/robomaster-cv/ros_ws/src/serial/include/serial_spinner.hpp:102:13:\x1b[m\x1b[K \x1b[01;31m\x1b[Kerror: \x1b[m\x1b[K\xe2\x80\x98\x1b[01m\x1b[KSubscriber\x1b[m\x1b[K\xe2\x80\x99 in namespace \xe2\x80\x98\x1b[01m\x1b[Krclcpp\x1b[m\x1b[K\xe2\x80\x99 does not name a template type\n'}
[2.447681] (serial) StderrLine: {'line': b'  102 |     rclcpp::\x1b[01;31m\x1b[KSubscriber\x1b[m\x1b[K<polystar_msgs::msg::Target> sub_shoot;\n'}
[2.447709] (serial) StderrLine: {'line': b'      |             \x1b[01;31m\x1b[K^~~~~~~~~~\x1b[m\x1b[K\n'}
[2.461324] (serial) StderrLine: {'line': b'In file included from \x1b[01m\x1b[K/home/ozone/robomaster-cv/ros_ws/src/serial/src/serial_spinner.cpp:9\x1b[m\x1b[K:\n'}
[2.461436] (serial) StderrLine: {'line': b'\x1b[01m\x1b[K/home/ozone/robomaster-cv/ros_ws/src/serial/include/serial_spinner.hpp:42:46:\x1b[m\x1b[K \x1b[01;31m\x1b[Kerror: \x1b[m\x1b[K\xe2\x80\x98\x1b[01m\x1b[KTargetConstPtr\x1b[m\x1b[K\xe2\x80\x99 in namespace \xe2\x80\x98\x1b[01m\x1b[Kpolystar_msgs\x1b[m\x1b[K\xe2\x80\x99 does not name a type\n'}
[2.461478] (serial) StderrLine: {'line': b'   42 |     void callbackTarget(const polystar_msgs::\x1b[01;31m\x1b[KTargetConstPtr\x1b[m\x1b[K&);\n'}
[2.461522] (serial) StderrLine: {'line': b'      |                                              \x1b[01;31m\x1b[K^~~~~~~~~~~~~~\x1b[m\x1b[K\n'}
[2.461550] (serial) StderrLine: {'line': b'\x1b[01m\x1b[K/home/ozone/robomaster-cv/ros_ws/src/serial/include/serial_spinner.hpp:47:48:\x1b[m\x1b[K \x1b[01;31m\x1b[Kerror: \x1b[m\x1b[K\xe2\x80\x98\x1b[01m\x1b[KMovementConstPtr\x1b[m\x1b[K\xe2\x80\x99 in namespace \xe2\x80\x98\x1b[01m\x1b[Kpolystar_msgs\x1b[m\x1b[K\xe2\x80\x99 does not name a type\n'}
[2.461587] (serial) StderrLine: {'line': b'   47 |     void callbackMovement(const polystar_msgs::\x1b[01;31m\x1b[KMovementConstPtr\x1b[m\x1b[K&);\n'}
[2.461613] (serial) StderrLine: {'line': b'      |                                                \x1b[01;31m\x1b[K^~~~~~~~~~~~~~~~\x1b[m\x1b[K\n'}
[2.461638] (serial) StderrLine: {'line': b'\x1b[01m\x1b[K/home/ozone/robomaster-cv/ros_ws/src/serial/include/serial_spinner.hpp:52:45:\x1b[m\x1b[K \x1b[01;31m\x1b[Kerror: \x1b[m\x1b[K\xe2\x80\x98\x1b[01m\x1b[KShootConstPtr\x1b[m\x1b[K\xe2\x80\x99 in namespace \xe2\x80\x98\x1b[01m\x1b[Kpolystar_msgs\x1b[m\x1b[K\xe2\x80\x99 does not name a type\n'}
[2.461672] (serial) StderrLine: {'line': b'   52 |     void callbackShoot(const polystar_msgs::\x1b[01;31m\x1b[KShootConstPtr\x1b[m\x1b[K&);\n'}
[2.461718] (serial) StderrLine: {'line': b'      |                                             \x1b[01;31m\x1b[K^~~~~~~~~~~~~\x1b[m\x1b[K\n'}
[2.461758] (serial) StderrLine: {'line': b'\x1b[01m\x1b[K/home/ozone/robomaster-cv/ros_ws/src/serial/include/serial_spinner.hpp:65:48:\x1b[m\x1b[K \x1b[01;31m\x1b[Kerror: \x1b[m\x1b[K\xe2\x80\x98\x1b[01m\x1b[KOutgoingMessage\x1b[m\x1b[K\xe2\x80\x99 in namespace \xe2\x80\x98\x1b[01m\x1b[Kpolystar_msgs::msg\x1b[m\x1b[K\xe2\x80\x99 does not name a type\n'}
[2.461788] (serial) StderrLine: {'line': b'   65 |     serializeMessage(const polystar_msgs::msg::\x1b[01;31m\x1b[KOutgoingMessage\x1b[m\x1b[K& message);\n'}
[2.461814] (serial) StderrLine: {'line': b'      |                                                \x1b[01;31m\x1b[K^~~~~~~~~~~~~~~\x1b[m\x1b[K\n'}
[2.461838] (serial) StderrLine: {'line': b'\x1b[01m\x1b[K/home/ozone/robomaster-cv/ros_ws/src/serial/include/serial_spinner.hpp:70:32:\x1b[m\x1b[K \x1b[01;31m\x1b[Kerror: \x1b[m\x1b[K\xe2\x80\x98\x1b[01m\x1b[KIncomingMessage\x1b[m\x1b[K\xe2\x80\x99 in namespace \xe2\x80\x98\x1b[01m\x1b[Kpolystar_msgs::msg\x1b[m\x1b[K\xe2\x80\x99 does not name a type\n'}
[2.461862] (serial) StderrLine: {'line': b'   70 |     static polystar_msgs::msg::\x1b[01;31m\x1b[KIncomingMessage\x1b[m\x1b[K\n'}
[2.461900] (serial) StderrLine: {'line': b'      |                                \x1b[01;31m\x1b[K^~~~~~~~~~~~~~~\x1b[m\x1b[K\n'}
[2.466086] (serial) StderrLine: {'line': b'\x1b[01m\x1b[K/home/ozone/robomaster-cv/ros_ws/src/serial/include/serial_spinner.hpp:100:13:\x1b[m\x1b[K \x1b[01;31m\x1b[Kerror: \x1b[m\x1b[K\xe2\x80\x98\x1b[01m\x1b[KSubscriber\x1b[m\x1b[K\xe2\x80\x99 in namespace \xe2\x80\x98\x1b[01m\x1b[Krclcpp\x1b[m\x1b[K\xe2\x80\x99 does not name a template type\n'}
[2.466210] (serial) StderrLine: {'line': b'  100 |     rclcpp::\x1b[01;31m\x1b[KSubscriber\x1b[m\x1b[K<polystar_msgs::msg::Target> sub_target;\n'}
[2.466243] (serial) StderrLine: {'line': b'      |             \x1b[01;31m\x1b[K^~~~~~~~~~\x1b[m\x1b[K\n'}
[2.466271] (serial) StderrLine: {'line': b'\x1b[01m\x1b[K/home/ozone/robomaster-cv/ros_ws/src/serial/include/serial_spinner.hpp:101:13:\x1b[m\x1b[K \x1b[01;31m\x1b[Kerror: \x1b[m\x1b[K\xe2\x80\x98\x1b[01m\x1b[KSubscriber\x1b[m\x1b[K\xe2\x80\x99 in namespace \xe2\x80\x98\x1b[01m\x1b[Krclcpp\x1b[m\x1b[K\xe2\x80\x99 does not name a template type\n'}
[2.466300] (serial) StderrLine: {'line': b'  101 |     rclcpp::\x1b[01;31m\x1b[KSubscriber\x1b[m\x1b[K<polystar_msgs::msg::Movement> sub_movement;\n'}
[2.466325] (serial) StderrLine: {'line': b'      |             \x1b[01;31m\x1b[K^~~~~~~~~~\x1b[m\x1b[K\n'}
[2.466351] (serial) StderrLine: {'line': b'\x1b[01m\x1b[K/home/ozone/robomaster-cv/ros_ws/src/serial/include/serial_spinner.hpp:102:13:\x1b[m\x1b[K \x1b[01;31m\x1b[Kerror: \x1b[m\x1b[K\xe2\x80\x98\x1b[01m\x1b[KSubscriber\x1b[m\x1b[K\xe2\x80\x99 in namespace \xe2\x80\x98\x1b[01m\x1b[Krclcpp\x1b[m\x1b[K\xe2\x80\x99 does not name a template type\n'}
[2.466375] (serial) StderrLine: {'line': b'  102 |     rclcpp::\x1b[01;31m\x1b[KSubscriber\x1b[m\x1b[K<polystar_msgs::msg::Target> sub_shoot;\n'}
[2.466400] (serial) StderrLine: {'line': b'      |             \x1b[01;31m\x1b[K^~~~~~~~~~\x1b[m\x1b[K\n'}
[2.468593] (serial) StderrLine: {'line': b'\x1b[01m\x1b[K/home/ozone/robomaster-cv/ros_ws/src/serial/src/serial_spinner.cpp:\x1b[m\x1b[K In constructor \xe2\x80\x98\x1b[01m\x1b[KSerialSpinner::SerialSpinner(const string&, int, int, int, bool, double)\x1b[m\x1b[K\xe2\x80\x99:\n'}
[2.468679] (serial) StderrLine: {'line': b'\x1b[01m\x1b[K/home/ozone/robomaster-cv/ros_ws/src/serial/src/serial_spinner.cpp:44:23:\x1b[m\x1b[K \x1b[01;31m\x1b[Kerror: \x1b[m\x1b[Kclass \xe2\x80\x98\x1b[01m\x1b[KSerialSpinner\x1b[m\x1b[K\xe2\x80\x99 does not have any field named \xe2\x80\x98\x1b[01m\x1b[Knh\x1b[m\x1b[K\xe2\x80\x99\n'}
[2.468727] (serial) StderrLine: {'line': b'   44 |     : Node("serial"), \x1b[01;31m\x1b[Knh\x1b[m\x1b[K(n), baud_rate(_baud), length(_len), stop_bits(_stop),\n'}
[2.468756] (serial) StderrLine: {'line': b'      |                       \x1b[01;31m\x1b[K^~\x1b[m\x1b[K\n'}
[2.472310] (serial) StderrLine: {'line': b'\x1b[01m\x1b[K/home/ozone/robomaster-cv/ros_ws/src/serial/src/serial_spinner.cpp:44:26:\x1b[m\x1b[K \x1b[01;31m\x1b[Kerror: \x1b[m\x1b[K\xe2\x80\x98\x1b[01m\x1b[Kn\x1b[m\x1b[K\xe2\x80\x99 was not declared in this scope; did you mean \xe2\x80\x98\x1b[01m\x1b[Kyn\x1b[m\x1b[K\xe2\x80\x99?\n'}
[2.472443] (serial) StderrLine: {'line': b'   44 |     : Node("serial"), nh(\x1b[01;31m\x1b[Kn\x1b[m\x1b[K), baud_rate(_baud), length(_len), stop_bits(_stop),\n'}
[2.472605] (serial) StderrLine: {'line': b'      |                          \x1b[01;31m\x1b[K^\x1b[m\x1b[K\n'}
[2.472654] (serial) StderrLine: {'line': b'      |                          \x1b[32m\x1b[Kyn\x1b[m\x1b[K\n'}
[2.472689] (serial) StderrLine: {'line': b'\x1b[01m\x1b[K/home/ozone/robomaster-cv/ros_ws/src/serial/src/serial_spinner.cpp:45:39:\x1b[m\x1b[K \x1b[01;31m\x1b[Kerror: \x1b[m\x1b[Kno matching function for call to \xe2\x80\x98\x1b[01m\x1b[Krclcpp::Publisher<polystar_msgs::msg::GameStatus_<std::allocator<void> > >::Publisher()\x1b[m\x1b[K\xe2\x80\x99\n'}
[2.472732] (serial) StderrLine: {'line': b'   45 |       parity(_parity), frequency(_freq\x1b[01;31m\x1b[K)\x1b[m\x1b[K {\n'}
[2.472760] (serial) StderrLine: {'line': b'      |                                       \x1b[01;31m\x1b[K^\x1b[m\x1b[K\n'}
[2.473097] (serial) StderrLine: {'line': b'In file included from \x1b[01m\x1b[K/opt/ros/iron/include/rclcpp/rclcpp/topic_statistics/subscription_topic_statistics.hpp:31\x1b[m\x1b[K,\n'}
[2.473163] (serial) StderrLine: {'line': b'                 from \x1b[01m\x1b[K/opt/ros/iron/include/rclcpp/rclcpp/subscription.hpp:50\x1b[m\x1b[K,\n'}
[2.473193] (serial) StderrLine: {'line': b'                 from \x1b[01m\x1b[K/opt/ros/iron/include/rclcpp/rclcpp/any_executable.hpp:25\x1b[m\x1b[K,\n'}
[2.473223] (serial) StderrLine: {'line': b'                 from \x1b[01m\x1b[K/opt/ros/iron/include/rclcpp/rclcpp/memory_strategy.hpp:25\x1b[m\x1b[K,\n'}
[2.473251] (serial) StderrLine: {'line': b'                 from \x1b[01m\x1b[K/opt/ros/iron/include/rclcpp/rclcpp/memory_strategies.hpp:18\x1b[m\x1b[K,\n'}
[2.473287] (serial) StderrLine: {'line': b'                 from \x1b[01m\x1b[K/opt/ros/iron/include/rclcpp/rclcpp/executor_options.hpp:20\x1b[m\x1b[K,\n'}
[2.473315] (serial) StderrLine: {'line': b'                 from \x1b[01m\x1b[K/opt/ros/iron/include/rclcpp/rclcpp/executor.hpp:37\x1b[m\x1b[K,\n'}
[2.473341] (serial) StderrLine: {'line': b'                 from \x1b[01m\x1b[K/opt/ros/iron/include/rclcpp/rclcpp/executors/multi_threaded_executor.hpp:25\x1b[m\x1b[K,\n'}
[2.473396] (serial) StderrLine: {'line': b'                 from \x1b[01m\x1b[K/opt/ros/iron/include/rclcpp/rclcpp/executors.hpp:21\x1b[m\x1b[K,\n'}
[2.473435] (serial) StderrLine: {'line': b'                 from \x1b[01m\x1b[K/opt/ros/iron/include/rclcpp/rclcpp/rclcpp.hpp:167\x1b[m\x1b[K,\n'}
[2.473525] (serial) StderrLine: {'line': b'                 from \x1b[01m\x1b[K/home/ozone/robomaster-cv/ros_ws/src/serial/include/serial_spinner.hpp:19\x1b[m\x1b[K,\n'}
[2.473561] (serial) StderrLine: {'line': b'                 from \x1b[01m\x1b[K/home/ozone/robomaster-cv/ros_ws/src/serial/src/serial_spinner.cpp:9\x1b[m\x1b[K:\n'}
[2.473627] (serial) StderrLine: {'line': b'\x1b[01m\x1b[K/opt/ros/iron/include/rclcpp/rclcpp/publisher.hpp:125:3:\x1b[m\x1b[K \x1b[01;36m\x1b[Knote: \x1b[m\x1b[Kcandidate: \xe2\x80\x98\x1b[01m\x1b[Krclcpp::Publisher<MessageT, AllocatorT>::Publisher(rclcpp::node_interfaces::NodeBaseInterface*, const string&, const rclcpp::QoS&, const rclcpp::PublisherOptionsWithAllocator<AllocatorT>&) [with MessageT = polystar_msgs::msg::GameStatus_<std::allocator<void> >; AllocatorT = std::allocator<void>; std::string = std::__cxx11::basic_string<char>]\x1b[m\x1b[K\xe2\x80\x99\n'}
[2.473678] (serial) StderrLine: {'line': b'  125 |   \x1b[01;36m\x1b[KPublisher\x1b[m\x1b[K(\n'}
[2.473944] (serial) StderrLine: {'line': b'      |   \x1b[01;36m\x1b[K^~~~~~~~~\x1b[m\x1b[K\n'}
[2.473996] (serial) StderrLine: {'line': b'\x1b[01m\x1b[K/opt/ros/iron/include/rclcpp/rclcpp/publisher.hpp:125:3:\x1b[m\x1b[K \x1b[01;36m\x1b[Knote: \x1b[m\x1b[K  candidate expects 4 arguments, 0 provided\n'}
[2.474034] (serial) StderrLine: {'line': b'\x1b[01m\x1b[K/opt/ros/iron/include/rclcpp/rclcpp/publisher.hpp:77:7:\x1b[m\x1b[K \x1b[01;36m\x1b[Knote: \x1b[m\x1b[Kcandidate: \xe2\x80\x98\x1b[01m\x1b[Krclcpp::Publisher<polystar_msgs::msg::GameStatus_<std::allocator<void> > >::Publisher(const rclcpp::Publisher<polystar_msgs::msg::GameStatus_<std::allocator<void> > >&)\x1b[m\x1b[K\xe2\x80\x99\n'}
[2.474065] (serial) StderrLine: {'line': b'   77 | class \x1b[01;36m\x1b[KPublisher\x1b[m\x1b[K : public PublisherBase\n'}
[2.474091] (serial) StderrLine: {'line': b'      |       \x1b[01;36m\x1b[K^~~~~~~~~\x1b[m\x1b[K\n'}
[2.474116] (serial) StderrLine: {'line': b'\x1b[01m\x1b[K/opt/ros/iron/include/rclcpp/rclcpp/publisher.hpp:77:7:\x1b[m\x1b[K \x1b[01;36m\x1b[Knote: \x1b[m\x1b[K  candidate expects 1 argument, 0 provided\n'}
[2.474141] (serial) StderrLine: {'line': b'\x1b[01m\x1b[K/home/ozone/robomaster-cv/ros_ws/src/serial/src/serial_spinner.cpp:45:39:\x1b[m\x1b[K \x1b[01;31m\x1b[Kerror: \x1b[m\x1b[Kno matching function for call to \xe2\x80\x98\x1b[01m\x1b[Krclcpp::Publisher<polystar_msgs::msg::GameStage_<std::allocator<void> > >::Publisher()\x1b[m\x1b[K\xe2\x80\x99\n'}
[2.474179] (serial) StderrLine: {'line': b'   45 |       parity(_parity), frequency(_freq\x1b[01;31m\x1b[K)\x1b[m\x1b[K {\n'}
[2.474216] (serial) StderrLine: {'line': b'      |                                       \x1b[01;31m\x1b[K^\x1b[m\x1b[K\n'}
[2.474245] (serial) StderrLine: {'line': b'In file included from \x1b[01m\x1b[K/opt/ros/iron/include/rclcpp/rclcpp/topic_statistics/subscription_topic_statistics.hpp:31\x1b[m\x1b[K,\n'}
[2.474271] (serial) StderrLine: {'line': b'                 from \x1b[01m\x1b[K/opt/ros/iron/include/rclcpp/rclcpp/subscription.hpp:50\x1b[m\x1b[K,\n'}
[2.474302] (serial) StderrLine: {'line': b'                 from \x1b[01m\x1b[K/opt/ros/iron/include/rclcpp/rclcpp/any_executable.hpp:25\x1b[m\x1b[K,\n'}
[2.474342] (serial) StderrLine: {'line': b'                 from \x1b[01m\x1b[K/opt/ros/iron/include/rclcpp/rclcpp/memory_strategy.hpp:25\x1b[m\x1b[K,\n'}
[2.474372] (serial) StderrLine: {'line': b'                 from \x1b[01m\x1b[K/opt/ros/iron/include/rclcpp/rclcpp/memory_strategies.hpp:18\x1b[m\x1b[K,\n'}
[2.474411] (serial) StderrLine: {'line': b'                 from \x1b[01m\x1b[K/opt/ros/iron/include/rclcpp/rclcpp/executor_options.hpp:20\x1b[m\x1b[K,\n'}
[2.474450] (serial) StderrLine: {'line': b'                 from \x1b[01m\x1b[K/opt/ros/iron/include/rclcpp/rclcpp/executor.hpp:37\x1b[m\x1b[K,\n'}
[2.474493] (serial) StderrLine: {'line': b'                 from \x1b[01m\x1b[K/opt/ros/iron/include/rclcpp/rclcpp/executors/multi_threaded_executor.hpp:25\x1b[m\x1b[K,\n'}
[2.474533] (serial) StderrLine: {'line': b'                 from \x1b[01m\x1b[K/opt/ros/iron/include/rclcpp/rclcpp/executors.hpp:21\x1b[m\x1b[K,\n'}
[2.474573] (serial) StderrLine: {'line': b'                 from \x1b[01m\x1b[K/opt/ros/iron/include/rclcpp/rclcpp/rclcpp.hpp:167\x1b[m\x1b[K,\n'}
[2.474601] (serial) StderrLine: {'line': b'                 from \x1b[01m\x1b[K/home/ozone/robomaster-cv/ros_ws/src/serial/include/serial_spinner.hpp:19\x1b[m\x1b[K,\n'}
[2.474626] (serial) StderrLine: {'line': b'                 from \x1b[01m\x1b[K/home/ozone/robomaster-cv/ros_ws/src/serial/src/serial_spinner.cpp:9\x1b[m\x1b[K:\n'}
[2.474649] (serial) StderrLine: {'line': b'\x1b[01m\x1b[K/opt/ros/iron/include/rclcpp/rclcpp/publisher.hpp:125:3:\x1b[m\x1b[K \x1b[01;36m\x1b[Knote: \x1b[m\x1b[Kcandidate: \xe2\x80\x98\x1b[01m\x1b[Krclcpp::Publisher<MessageT, AllocatorT>::Publisher(rclcpp::node_interfaces::NodeBaseInterface*, const string&, const rclcpp::QoS&, const rclcpp::PublisherOptionsWithAllocator<AllocatorT>&) [with MessageT = polystar_msgs::msg::GameStage_<std::allocator<void> >; AllocatorT = std::allocator<void>; std::string = std::__cxx11::basic_string<char>]\x1b[m\x1b[K\xe2\x80\x99\n'}
[2.474682] (serial) StderrLine: {'line': b'  125 |   \x1b[01;36m\x1b[KPublisher\x1b[m\x1b[K(\n'}
[2.474717] (serial) StderrLine: {'line': b'      |   \x1b[01;36m\x1b[K^~~~~~~~~\x1b[m\x1b[K\n'}
[2.474744] (serial) StderrLine: {'line': b'\x1b[01m\x1b[K/opt/ros/iron/include/rclcpp/rclcpp/publisher.hpp:125:3:\x1b[m\x1b[K \x1b[01;36m\x1b[Knote: \x1b[m\x1b[K  candidate expects 4 arguments, 0 provided\n'}
[2.474771] (serial) StderrLine: {'line': b'\x1b[01m\x1b[K/opt/ros/iron/include/rclcpp/rclcpp/publisher.hpp:77:7:\x1b[m\x1b[K \x1b[01;36m\x1b[Knote: \x1b[m\x1b[Kcandidate: \xe2\x80\x98\x1b[01m\x1b[Krclcpp::Publisher<polystar_msgs::msg::GameStage_<std::allocator<void> > >::Publisher(const rclcpp::Publisher<polystar_msgs::msg::GameStage_<std::allocator<void> > >&)\x1b[m\x1b[K\xe2\x80\x99\n'}
[2.474798] (serial) StderrLine: {'line': b'   77 | class \x1b[01;36m\x1b[KPublisher\x1b[m\x1b[K : public PublisherBase\n'}
[2.474823] (serial) StderrLine: {'line': b'      |       \x1b[01;36m\x1b[K^~~~~~~~~\x1b[m\x1b[K\n'}
[2.474848] (serial) StderrLine: {'line': b'\x1b[01m\x1b[K/opt/ros/iron/include/rclcpp/rclcpp/publisher.hpp:77:7:\x1b[m\x1b[K \x1b[01;36m\x1b[Knote: \x1b[m\x1b[K  candidate expects 1 argument, 0 provided\n'}
[2.474882] (serial) StderrLine: {'line': b'\x1b[01m\x1b[K/home/ozone/robomaster-cv/ros_ws/src/serial/src/serial_spinner.cpp:45:39:\x1b[m\x1b[K \x1b[01;31m\x1b[Kerror: \x1b[m\x1b[Kno matching function for call to \xe2\x80\x98\x1b[01m\x1b[Krclcpp::Publisher<polystar_msgs::msg::TurretFeedback_<std::allocator<void> > >::Publisher()\x1b[m\x1b[K\xe2\x80\x99\n'}
[2.474910] (serial) StderrLine: {'line': b'   45 |       parity(_parity), frequency(_freq\x1b[01;31m\x1b[K)\x1b[m\x1b[K {\n'}
[2.474935] (serial) StderrLine: {'line': b'      |                                       \x1b[01;31m\x1b[K^\x1b[m\x1b[K\n'}
[2.474959] (serial) StderrLine: {'line': b'In file included from \x1b[01m\x1b[K/opt/ros/iron/include/rclcpp/rclcpp/topic_statistics/subscription_topic_statistics.hpp:31\x1b[m\x1b[K,\n'}
[2.474985] (serial) StderrLine: {'line': b'                 from \x1b[01m\x1b[K/opt/ros/iron/include/rclcpp/rclcpp/subscription.hpp:50\x1b[m\x1b[K,\n'}
[2.475009] (serial) StderrLine: {'line': b'                 from \x1b[01m\x1b[K/opt/ros/iron/include/rclcpp/rclcpp/any_executable.hpp:25\x1b[m\x1b[K,\n'}
[2.475033] (serial) StderrLine: {'line': b'                 from \x1b[01m\x1b[K/opt/ros/iron/include/rclcpp/rclcpp/memory_strategy.hpp:25\x1b[m\x1b[K,\n'}
[2.475058] (serial) StderrLine: {'line': b'                 from \x1b[01m\x1b[K/opt/ros/iron/include/rclcpp/rclcpp/memory_strategies.hpp:18\x1b[m\x1b[K,\n'}
[2.475082] (serial) StderrLine: {'line': b'                 from \x1b[01m\x1b[K/opt/ros/iron/include/rclcpp/rclcpp/executor_options.hpp:20\x1b[m\x1b[K,\n'}
[2.475105] (serial) StderrLine: {'line': b'                 from \x1b[01m\x1b[K/opt/ros/iron/include/rclcpp/rclcpp/executor.hpp:37\x1b[m\x1b[K,\n'}
[2.475128] (serial) StderrLine: {'line': b'                 from \x1b[01m\x1b[K/opt/ros/iron/include/rclcpp/rclcpp/executors/multi_threaded_executor.hpp:25\x1b[m\x1b[K,\n'}
[2.475152] (serial) StderrLine: {'line': b'                 from \x1b[01m\x1b[K/opt/ros/iron/include/rclcpp/rclcpp/executors.hpp:21\x1b[m\x1b[K,\n'}
[2.475177] (serial) StderrLine: {'line': b'                 from \x1b[01m\x1b[K/opt/ros/iron/include/rclcpp/rclcpp/rclcpp.hpp:167\x1b[m\x1b[K,\n'}
[2.475199] (serial) StderrLine: {'line': b'                 from \x1b[01m\x1b[K/home/ozone/robomaster-cv/ros_ws/src/serial/include/serial_spinner.hpp:19\x1b[m\x1b[K,\n'}
[2.475232] (serial) StderrLine: {'line': b'                 from \x1b[01m\x1b[K/home/ozone/robomaster-cv/ros_ws/src/serial/src/serial_spinner.cpp:9\x1b[m\x1b[K:\n'}
[2.475275] (serial) StderrLine: {'line': b'\x1b[01m\x1b[K/opt/ros/iron/include/rclcpp/rclcpp/publisher.hpp:125:3:\x1b[m\x1b[K \x1b[01;36m\x1b[Knote: \x1b[m\x1b[Kcandidate: \xe2\x80\x98\x1b[01m\x1b[Krclcpp::Publisher<MessageT, AllocatorT>::Publisher(rclcpp::node_interfaces::NodeBaseInterface*, const string&, const rclcpp::QoS&, const rclcpp::PublisherOptionsWithAllocator<AllocatorT>&) [with MessageT = polystar_msgs::msg::TurretFeedback_<std::allocator<void> >; AllocatorT = std::allocator<void>; std::string = std::__cxx11::basic_string<char>]\x1b[m\x1b[K\xe2\x80\x99\n'}
[2.475322] (serial) StderrLine: {'line': b'  125 |   \x1b[01;36m\x1b[KPublisher\x1b[m\x1b[K(\n'}
[2.475364] (serial) StderrLine: {'line': b'      |   \x1b[01;36m\x1b[K^~~~~~~~~\x1b[m\x1b[K\n'}
[2.475399] (serial) StderrLine: {'line': b'\x1b[01m\x1b[K/opt/ros/iron/include/rclcpp/rclcpp/publisher.hpp:125:3:\x1b[m\x1b[K \x1b[01;36m\x1b[Knote: \x1b[m\x1b[K  candidate expects 4 arguments, 0 provided\n'}
[2.475428] (serial) StderrLine: {'line': b'\x1b[01m\x1b[K/opt/ros/iron/include/rclcpp/rclcpp/publisher.hpp:77:7:\x1b[m\x1b[K \x1b[01;36m\x1b[Knote: \x1b[m\x1b[Kcandidate: \xe2\x80\x98\x1b[01m\x1b[Krclcpp::Publisher<polystar_msgs::msg::TurretFeedback_<std::allocator<void> > >::Publisher(const rclcpp::Publisher<polystar_msgs::msg::TurretFeedback_<std::allocator<void> > >&)\x1b[m\x1b[K\xe2\x80\x99\n'}
[2.475455] (serial) StderrLine: {'line': b'   77 | class \x1b[01;36m\x1b[KPublisher\x1b[m\x1b[K : public PublisherBase\n'}
[2.475479] (serial) StderrLine: {'line': b'      |       \x1b[01;36m\x1b[K^~~~~~~~~\x1b[m\x1b[K\n'}
[2.475502] (serial) StderrLine: {'line': b'\x1b[01m\x1b[K/opt/ros/iron/include/rclcpp/rclcpp/publisher.hpp:77:7:\x1b[m\x1b[K \x1b[01;36m\x1b[Knote: \x1b[m\x1b[K  candidate expects 1 argument, 0 provided\n'}
[2.475527] (serial) StderrLine: {'line': b'\x1b[01m\x1b[K/home/ozone/robomaster-cv/ros_ws/src/serial/src/serial_spinner.cpp:45:39:\x1b[m\x1b[K \x1b[01;31m\x1b[Kerror: \x1b[m\x1b[Kno matching function for call to \xe2\x80\x98\x1b[01m\x1b[Krclcpp::Publisher<polystar_msgs::msg::PositionFeedback_<std::allocator<void> > >::Publisher()\x1b[m\x1b[K\xe2\x80\x99\n'}
[2.475551] (serial) StderrLine: {'line': b'   45 |       parity(_parity), frequency(_freq\x1b[01;31m\x1b[K)\x1b[m\x1b[K {\n'}
[2.475576] (serial) StderrLine: {'line': b'      |                                       \x1b[01;31m\x1b[K^\x1b[m\x1b[K\n'}
[2.475610] (serial) StderrLine: {'line': b'In file included from \x1b[01m\x1b[K/opt/ros/iron/include/rclcpp/rclcpp/topic_statistics/subscription_topic_statistics.hpp:31\x1b[m\x1b[K,\n'}
[2.475647] (serial) StderrLine: {'line': b'                 from \x1b[01m\x1b[K/opt/ros/iron/include/rclcpp/rclcpp/subscription.hpp:50\x1b[m\x1b[K,\n'}
[2.475672] (serial) StderrLine: {'line': b'                 from \x1b[01m\x1b[K/opt/ros/iron/include/rclcpp/rclcpp/any_executable.hpp:25\x1b[m\x1b[K,\n'}
[2.475716] (serial) StderrLine: {'line': b'                 from \x1b[01m\x1b[K/opt/ros/iron/include/rclcpp/rclcpp/memory_strategy.hpp:25\x1b[m\x1b[K,\n'}
[2.475754] (serial) StderrLine: {'line': b'                 from \x1b[01m\x1b[K/opt/ros/iron/include/rclcpp/rclcpp/memory_strategies.hpp:18\x1b[m\x1b[K,\n'}
[2.475782] (serial) StderrLine: {'line': b'                 from \x1b[01m\x1b[K/opt/ros/iron/include/rclcpp/rclcpp/executor_options.hpp:20\x1b[m\x1b[K,\n'}
[2.475808] (serial) StderrLine: {'line': b'                 from \x1b[01m\x1b[K/opt/ros/iron/include/rclcpp/rclcpp/executor.hpp:37\x1b[m\x1b[K,\n'}
[2.475833] (serial) StderrLine: {'line': b'                 from \x1b[01m\x1b[K/opt/ros/iron/include/rclcpp/rclcpp/executors/multi_threaded_executor.hpp:25\x1b[m\x1b[K,\n'}
[2.475857] (serial) StderrLine: {'line': b'                 from \x1b[01m\x1b[K/opt/ros/iron/include/rclcpp/rclcpp/executors.hpp:21\x1b[m\x1b[K,\n'}
[2.475882] (serial) StderrLine: {'line': b'                 from \x1b[01m\x1b[K/opt/ros/iron/include/rclcpp/rclcpp/rclcpp.hpp:167\x1b[m\x1b[K,\n'}
[2.475906] (serial) StderrLine: {'line': b'                 from \x1b[01m\x1b[K/home/ozone/robomaster-cv/ros_ws/src/serial/include/serial_spinner.hpp:19\x1b[m\x1b[K,\n'}
[2.475931] (serial) StderrLine: {'line': b'                 from \x1b[01m\x1b[K/home/ozone/robomaster-cv/ros_ws/src/serial/src/serial_spinner.cpp:9\x1b[m\x1b[K:\n'}
[2.475955] (serial) StderrLine: {'line': b'\x1b[01m\x1b[K/opt/ros/iron/include/rclcpp/rclcpp/publisher.hpp:125:3:\x1b[m\x1b[K \x1b[01;36m\x1b[Knote: \x1b[m\x1b[Kcandidate: \xe2\x80\x98\x1b[01m\x1b[Krclcpp::Publisher<MessageT, AllocatorT>::Publisher(rclcpp::node_interfaces::NodeBaseInterface*, const string&, const rclcpp::QoS&, const rclcpp::PublisherOptionsWithAllocator<AllocatorT>&) [with MessageT = polystar_msgs::msg::PositionFeedback_<std::allocator<void> >; AllocatorT = std::allocator<void>; std::string = std::__cxx11::basic_string<char>]\x1b[m\x1b[K\xe2\x80\x99\n'}
[2.475983] (serial) StderrLine: {'line': b'  125 |   \x1b[01;36m\x1b[KPublisher\x1b[m\x1b[K(\n'}
[2.476013] (serial) StderrLine: {'line': b'      |   \x1b[01;36m\x1b[K^~~~~~~~~\x1b[m\x1b[K\n'}
[2.476056] (serial) StderrLine: {'line': b'\x1b[01m\x1b[K/opt/ros/iron/include/rclcpp/rclcpp/publisher.hpp:125:3:\x1b[m\x1b[K \x1b[01;36m\x1b[Knote: \x1b[m\x1b[K  candidate expects 4 arguments, 0 provided\n'}
[2.476096] (serial) StderrLine: {'line': b'\x1b[01m\x1b[K/opt/ros/iron/include/rclcpp/rclcpp/publisher.hpp:77:7:\x1b[m\x1b[K \x1b[01;36m\x1b[Knote: \x1b[m\x1b[Kcandidate: \xe2\x80\x98\x1b[01m\x1b[Krclcpp::Publisher<polystar_msgs::msg::PositionFeedback_<std::allocator<void> > >::Publisher(const rclcpp::Publisher<polystar_msgs::msg::PositionFeedback_<std::allocator<void> > >&)\x1b[m\x1b[K\xe2\x80\x99\n'}
[2.476138] (serial) StderrLine: {'line': b'   77 | class \x1b[01;36m\x1b[KPublisher\x1b[m\x1b[K : public PublisherBase\n'}
[2.476178] (serial) StderrLine: {'line': b'      |       \x1b[01;36m\x1b[K^~~~~~~~~\x1b[m\x1b[K\n'}
[2.476209] (serial) StderrLine: {'line': b'\x1b[01m\x1b[K/opt/ros/iron/include/rclcpp/rclcpp/publisher.hpp:77:7:\x1b[m\x1b[K \x1b[01;36m\x1b[Knote: \x1b[m\x1b[K  candidate expects 1 argument, 0 provided\n'}
[2.477271] (serial) StderrLine: {'line': b'\x1b[01m\x1b[K/home/ozone/robomaster-cv/ros_ws/src/serial/src/serial_spinner.cpp:48:18:\x1b[m\x1b[K \x1b[01;31m\x1b[Kerror: \x1b[m\x1b[K\xe2\x80\x98\x1b[01m\x1b[Knh\x1b[m\x1b[K\xe2\x80\x99 was not declared in this scope\n'}
[2.477349] (serial) StderrLine: {'line': b'   48 |     pub_status = \x1b[01;31m\x1b[Knh\x1b[m\x1b[K.advertise<serial::msg::GameStatus>("gamestatus", 1);\n'}
[2.477396] (serial) StderrLine: {'line': b'      |                  \x1b[01;31m\x1b[K^~\x1b[m\x1b[K\n'}
[2.477640] (serial) StderrLine: {'line': b'\x1b[01m\x1b[K/home/ozone/robomaster-cv/ros_ws/src/serial/src/serial_spinner.cpp:48:44:\x1b[m\x1b[K \x1b[01;31m\x1b[Kerror: \x1b[m\x1b[K\xe2\x80\x98\x1b[01m\x1b[KGameStatus\x1b[m\x1b[K\xe2\x80\x99 is not a member of \xe2\x80\x98\x1b[01m\x1b[Kserial::msg\x1b[m\x1b[K\xe2\x80\x99; did you mean \xe2\x80\x98\x1b[01m\x1b[Kpolystar_msgs::msg::GameStatus\x1b[m\x1b[K\xe2\x80\x99?\n'}
[2.477700] (serial) StderrLine: {'line': b'   48 |     pub_status = nh.advertise<serial::msg::\x1b[01;31m\x1b[KGameStatus\x1b[m\x1b[K>("gamestatus", 1);\n'}
[2.477728] (serial) StderrLine: {'line': b'      |                                            \x1b[01;31m\x1b[K^~~~~~~~~~\x1b[m\x1b[K\n'}
[2.477755] (serial) StderrLine: {'line': b'In file included from \x1b[01m\x1b[K/home/ozone/robomaster-cv/ros_ws/install/polystar_msgs/include/polystar_msgs/polystar_msgs/msg/game_status.hpp:7\x1b[m\x1b[K,\n'}
[2.477780] (serial) StderrLine: {'line': b'                 from \x1b[01m\x1b[K/home/ozone/robomaster-cv/ros_ws/src/serial/include/serial_spinner.hpp:22\x1b[m\x1b[K,\n'}
[2.477805] (serial) StderrLine: {'line': b'                 from \x1b[01m\x1b[K/home/ozone/robomaster-cv/ros_ws/src/serial/src/serial_spinner.cpp:9\x1b[m\x1b[K:\n'}
[2.477830] (serial) StderrLine: {'line': b'\x1b[01m\x1b[K/home/ozone/robomaster-cv/ros_ws/install/polystar_msgs/include/polystar_msgs/polystar_msgs/msg/detail/game_status__struct.hpp:237:7:\x1b[m\x1b[K \x1b[01;36m\x1b[Knote: \x1b[m\x1b[K\xe2\x80\x98\x1b[01m\x1b[Kpolystar_msgs::msg::GameStatus\x1b[m\x1b[K\xe2\x80\x99 declared here\n'}
[2.477858] (serial) StderrLine: {'line': b'  237 | using \x1b[01;36m\x1b[KGameStatus\x1b[m\x1b[K =\n'}
[2.477881] (serial) StderrLine: {'line': b'      |       \x1b[01;36m\x1b[K^~~~~~~~~~\x1b[m\x1b[K\n'}
[2.477904] (serial) StderrLine: {'line': b'\x1b[01m\x1b[K/home/ozone/robomaster-cv/ros_ws/src/serial/src/serial_spinner.cpp:49:43:\x1b[m\x1b[K \x1b[01;31m\x1b[Kerror: \x1b[m\x1b[K\xe2\x80\x98\x1b[01m\x1b[KGameStage\x1b[m\x1b[K\xe2\x80\x99 is not a member of \xe2\x80\x98\x1b[01m\x1b[Kserial::msg\x1b[m\x1b[K\xe2\x80\x99; did you mean \xe2\x80\x98\x1b[01m\x1b[KGamestage\x1b[m\x1b[K\xe2\x80\x99?\n'}
[2.477942] (serial) StderrLine: {'line': b'   49 |     pub_stage = nh.advertise<serial::msg::\x1b[01;31m\x1b[KGameStage\x1b[m\x1b[K>("gamestage", 1);\n'}
[2.477980] (serial) StderrLine: {'line': b'      |                                           \x1b[01;31m\x1b[K^~~~~~~~~\x1b[m\x1b[K\n'}
[2.478006] (serial) StderrLine: {'line': b'      |                                           \x1b[32m\x1b[KGamestage\x1b[m\x1b[K\n'}
[2.478029] (serial) StderrLine: {'line': b'\x1b[01m\x1b[K/home/ozone/robomaster-cv/ros_ws/src/serial/src/serial_spinner.cpp:50:58:\x1b[m\x1b[K \x1b[01;31m\x1b[Kerror: \x1b[m\x1b[Kexpected primary-expression before \xe2\x80\x98\x1b[01m\x1b[K>\x1b[m\x1b[K\xe2\x80\x99 token\n'}
[2.478055] (serial) StderrLine: {'line': b'   50 |     pub_turret = nh.advertise<serial::msg::TurretFeedback\x1b[01;31m\x1b[K>\x1b[m\x1b[K("turret", 1);\n'}
[2.478079] (serial) StderrLine: {'line': b'      |                                                          \x1b[01;31m\x1b[K^\x1b[m\x1b[K\n'}
[2.478103] (serial) StderrLine: {'line': b'\x1b[01m\x1b[K/home/ozone/robomaster-cv/ros_ws/src/serial/src/serial_spinner.cpp:51:62:\x1b[m\x1b[K \x1b[01;31m\x1b[Kerror: \x1b[m\x1b[Kexpected primary-expression before \xe2\x80\x98\x1b[01m\x1b[K>\x1b[m\x1b[K\xe2\x80\x99 token\n'}
[2.478126] (serial) StderrLine: {'line': b'   51 |     pub_position = nh.advertise<serial::msg::PositionFeedback\x1b[01;31m\x1b[K>\x1b[m\x1b[K("position", 1);\n'}
[2.478148] (serial) StderrLine: {'line': b'      |                                                              \x1b[01;31m\x1b[K^\x1b[m\x1b[K\n'}
[2.481654] (serial) StderrLine: {'line': b'\x1b[01m\x1b[K/home/ozone/robomaster-cv/ros_ws/src/serial/src/serial_spinner.cpp:53:5:\x1b[m\x1b[K \x1b[01;31m\x1b[Kerror: \x1b[m\x1b[K\xe2\x80\x98\x1b[01m\x1b[Ksub_target\x1b[m\x1b[K\xe2\x80\x99 was not declared in this scope; did you mean \xe2\x80\x98\x1b[01m\x1b[Kpub_turret\x1b[m\x1b[K\xe2\x80\x99?\n'}
[2.481750] (serial) StderrLine: {'line': b'   53 |     \x1b[01;31m\x1b[Ksub_target\x1b[m\x1b[K =\n'}
[2.481784] (serial) StderrLine: {'line': b'      |     \x1b[01;31m\x1b[K^~~~~~~~~~\x1b[m\x1b[K\n'}
[2.481812] (serial) StderrLine: {'line': b'      |     \x1b[32m\x1b[Kpub_turret\x1b[m\x1b[K\n'}
[2.486724] (serial) StderrLine: {'line': b'\x1b[01m\x1b[K/home/ozone/robomaster-cv/ros_ws/src/serial/src/serial_spinner.cpp:55:5:\x1b[m\x1b[K \x1b[01;31m\x1b[Kerror: \x1b[m\x1b[K\xe2\x80\x98\x1b[01m\x1b[Ksub_movement\x1b[m\x1b[K\xe2\x80\x99 was not declared in this scope\n'}
[2.486837] (serial) StderrLine: {'line': b'   55 |     \x1b[01;31m\x1b[Ksub_movement\x1b[m\x1b[K =\n'}
[2.486869] (serial) StderrLine: {'line': b'      |     \x1b[01;31m\x1b[K^~~~~~~~~~~~\x1b[m\x1b[K\n'}
[2.490642] (serial) StderrLine: {'line': b'\x1b[01m\x1b[K/home/ozone/robomaster-cv/ros_ws/src/serial/src/serial_spinner.cpp:57:5:\x1b[m\x1b[K \x1b[01;31m\x1b[Kerror: \x1b[m\x1b[K\xe2\x80\x98\x1b[01m\x1b[Ksub_shoot\x1b[m\x1b[K\xe2\x80\x99 was not declared in this scope; did you mean \xe2\x80\x98\x1b[01m\x1b[Ku_short\x1b[m\x1b[K\xe2\x80\x99?\n'}
[2.490747] (serial) StderrLine: {'line': b'   57 |     \x1b[01;31m\x1b[Ksub_shoot\x1b[m\x1b[K = nh.subscribe("shoot", 1, &SerialSpinner::callbackShoot, this);\n'}
[2.490800] (serial) StderrLine: {'line': b'      |     \x1b[01;31m\x1b[K^~~~~~~~~\x1b[m\x1b[K\n'}
[2.490894] (serial) StderrLine: {'line': b'      |     \x1b[32m\x1b[Ku_short\x1b[m\x1b[K\n'}
[2.490981] (serial) StderrLine: {'line': b'\x1b[01m\x1b[K/home/ozone/robomaster-cv/ros_ws/src/serial/src/serial_spinner.cpp:59:35:\x1b[m\x1b[K \x1b[01;31m\x1b[Kerror: \x1b[m\x1b[Kexpected primary-expression before \xe2\x80\x98\x1b[01m\x1b[Kint\x1b[m\x1b[K\xe2\x80\x99\n'}
[2.491038] (serial) StderrLine: {'line': b'   59 |     encoder_resolution = nh.param<\x1b[01;31m\x1b[Kint\x1b[m\x1b[K>("/robot/encoder_resolution", 8192u);\n'}
[2.491075] (serial) StderrLine: {'line': b'      |                                   \x1b[01;31m\x1b[K^~~\x1b[m\x1b[K\n'}
[2.492523] (serial) StderrLine: {'line': b'\x1b[01m\x1b[K/home/ozone/robomaster-cv/ros_ws/src/serial/src/serial_spinner.cpp:\x1b[m\x1b[K In member function \xe2\x80\x98\x1b[01m\x1b[Kvoid SerialSpinner::spin()\x1b[m\x1b[K\xe2\x80\x99:\n'}
[2.492592] (serial) StderrLine: {'line': b'\x1b[01m\x1b[K/home/ozone/robomaster-cv/ros_ws/src/serial/src/serial_spinner.cpp:158:12:\x1b[m\x1b[K \x1b[01;31m\x1b[Kerror: \x1b[m\x1b[K\xe2\x80\x98\x1b[01m\x1b[Kros\x1b[m\x1b[K\xe2\x80\x99 has not been declared\n'}
[2.492623] (serial) StderrLine: {'line': b'  158 |     while (\x1b[01;31m\x1b[Kros\x1b[m\x1b[K::ok()) {\n'}
[2.492650] (serial) StderrLine: {'line': b'      |            \x1b[01;31m\x1b[K^~~\x1b[m\x1b[K\n'}
[2.492676] (serial) StderrLine: {'line': b'\x1b[01m\x1b[K/home/ozone/robomaster-cv/ros_ws/src/serial/src/serial_spinner.cpp:162:9:\x1b[m\x1b[K \x1b[01;31m\x1b[Kerror: \x1b[m\x1b[K\xe2\x80\x98\x1b[01m\x1b[Kros\x1b[m\x1b[K\xe2\x80\x99 has not been declared\n'}
[2.492706] (serial) StderrLine: {'line': b'  162 |         \x1b[01;31m\x1b[Kros\x1b[m\x1b[K::spinOnce();\n'}
[2.492736] (serial) StderrLine: {'line': b'      |         \x1b[01;31m\x1b[K^~~\x1b[m\x1b[K\n'}
[2.493257] (serial) StderrLine: {'line': b'\x1b[01m\x1b[K/home/ozone/robomaster-cv/ros_ws/src/serial/src/serial_spinner.cpp:\x1b[m\x1b[K In member function \xe2\x80\x98\x1b[01m\x1b[Kvoid SerialSpinner::handleMessage(const T&) [with T = serial::msg::Status]\x1b[m\x1b[K\xe2\x80\x99:\n'}
[2.493335] (serial) StderrLine: {'line': b'\x1b[01m\x1b[K/home/ozone/robomaster-cv/ros_ws/src/serial/src/serial_spinner.cpp:169:18:\x1b[m\x1b[K \x1b[01;31m\x1b[Kerror: \x1b[m\x1b[K\xe2\x80\x98\x1b[01m\x1b[KGameStatus\x1b[m\x1b[K\xe2\x80\x99 is not a member of \xe2\x80\x98\x1b[01m\x1b[Kserial::msg\x1b[m\x1b[K\xe2\x80\x99; did you mean \xe2\x80\x98\x1b[01m\x1b[Kpolystar_msgs::msg::GameStatus\x1b[m\x1b[K\xe2\x80\x99?\n'}
[2.493369] (serial) StderrLine: {'line': b'  169 |     serial::msg::\x1b[01;31m\x1b[KGameStatus\x1b[m\x1b[K msg;\n'}
[2.493396] (serial) StderrLine: {'line': b'      |                  \x1b[01;31m\x1b[K^~~~~~~~~~\x1b[m\x1b[K\n'}
[2.493422] (serial) StderrLine: {'line': b'In file included from \x1b[01m\x1b[K/home/ozone/robomaster-cv/ros_ws/install/polystar_msgs/include/polystar_msgs/polystar_msgs/msg/game_status.hpp:7\x1b[m\x1b[K,\n'}
[2.493464] (serial) StderrLine: {'line': b'                 from \x1b[01m\x1b[K/home/ozone/robomaster-cv/ros_ws/src/serial/include/serial_spinner.hpp:22\x1b[m\x1b[K,\n'}
[2.493506] (serial) StderrLine: {'line': b'                 from \x1b[01m\x1b[K/home/ozone/robomaster-cv/ros_ws/src/serial/src/serial_spinner.cpp:9\x1b[m\x1b[K:\n'}
[2.493544] (serial) StderrLine: {'line': b'\x1b[01m\x1b[K/home/ozone/robomaster-cv/ros_ws/install/polystar_msgs/include/polystar_msgs/polystar_msgs/msg/detail/game_status__struct.hpp:237:7:\x1b[m\x1b[K \x1b[01;36m\x1b[Knote: \x1b[m\x1b[K\xe2\x80\x98\x1b[01m\x1b[Kpolystar_msgs::msg::GameStatus\x1b[m\x1b[K\xe2\x80\x99 declared here\n'}
[2.493573] (serial) StderrLine: {'line': b'  237 | using \x1b[01;36m\x1b[KGameStatus\x1b[m\x1b[K =\n'}
[2.493609] (serial) StderrLine: {'line': b'      |       \x1b[01;36m\x1b[K^~~~~~~~~~\x1b[m\x1b[K\n'}
[2.493813] (serial) StderrLine: {'line': b'\x1b[01m\x1b[K/home/ozone/robomaster-cv/ros_ws/src/serial/src/serial_spinner.cpp:171:5:\x1b[m\x1b[K \x1b[01;31m\x1b[Kerror: \x1b[m\x1b[K\xe2\x80\x98\x1b[01m\x1b[Kmsg\x1b[m\x1b[K\xe2\x80\x99 was not declared in this scope\n'}
[2.493883] (serial) StderrLine: {'line': b'  171 |     \x1b[01;31m\x1b[Kmsg\x1b[m\x1b[K.stamp = rclcpp::Time::now();\n'}
[2.494180] (serial) StderrLine: {'line': b'      |     \x1b[01;31m\x1b[K^~~\x1b[m\x1b[K\n'}
[2.494364] (serial) StderrLine: {'line': b'\x1b[01m\x1b[K/home/ozone/robomaster-cv/ros_ws/src/serial/src/serial_spinner.cpp:171:5:\x1b[m\x1b[K \x1b[01;36m\x1b[Knote: \x1b[m\x1b[Ksuggested alternatives:\n'}
[2.494405] (serial) StderrLine: {'line': b'In file included from \x1b[01m\x1b[K/home/ozone/robomaster-cv/ros_ws/src/serial/include/serial_spinner.hpp:11\x1b[m\x1b[K,\n'}
[2.494445] (serial) StderrLine: {'line': b'                 from \x1b[01m\x1b[K/home/ozone/robomaster-cv/ros_ws/src/serial/src/serial_spinner.cpp:9\x1b[m\x1b[K:\n'}
[2.494474] (serial) StderrLine: {'line': b'\x1b[01m\x1b[K/home/ozone/robomaster-cv/ros_ws/src/serial/include/protocol.hpp:40:11:\x1b[m\x1b[K \x1b[01;36m\x1b[Knote: \x1b[m\x1b[K  \xe2\x80\x98\x1b[01m\x1b[Kserial::msg\x1b[m\x1b[K\xe2\x80\x99\n'}
[2.494502] (serial) StderrLine: {'line': b'   40 | namespace \x1b[01;36m\x1b[Kmsg\x1b[m\x1b[K {\n'}
[2.494561] (serial) StderrLine: {'line': b'      |           \x1b[01;36m\x1b[K^~~\x1b[m\x1b[K\n'}
[2.494657] (serial) StderrLine: {'line': b'In file included from \x1b[01m\x1b[K/opt/ros/iron/include/builtin_interfaces/builtin_interfaces/msg/time.hpp:7\x1b[m\x1b[K,\n'}
[2.494730] (serial) StderrLine: {'line': b'                 from \x1b[01m\x1b[K/opt/ros/iron/include/rclcpp/rclcpp/time.hpp:18\x1b[m\x1b[K,\n'}
[2.494763] (serial) StderrLine: {'line': b'                 from \x1b[01m\x1b[K/opt/ros/iron/include/rclcpp/rclcpp/clock.hpp:24\x1b[m\x1b[K,\n'}
[2.494928] (serial) StderrLine: {'line': b'                 from \x1b[01m\x1b[K/opt/ros/iron/include/rclcpp/rclcpp/client.hpp:38\x1b[m\x1b[K,\n'}
[2.494979] (serial) StderrLine: {'line': b'                 from \x1b[01m\x1b[K/opt/ros/iron/include/rclcpp/rclcpp/callback_group.hpp:24\x1b[m\x1b[K,\n'}
[2.495008] (serial) StderrLine: {'line': b'                 from \x1b[01m\x1b[K/opt/ros/iron/include/rclcpp/rclcpp/any_executable.hpp:20\x1b[m\x1b[K,\n'}
[2.495034] (serial) StderrLine: {'line': b'                 from \x1b[01m\x1b[K/opt/ros/iron/include/rclcpp/rclcpp/memory_strategy.hpp:25\x1b[m\x1b[K,\n'}
[2.495059] (serial) StderrLine: {'line': b'                 from \x1b[01m\x1b[K/opt/ros/iron/include/rclcpp/rclcpp/memory_strategies.hpp:18\x1b[m\x1b[K,\n'}
[2.495119] (serial) StderrLine: {'line': b'                 from \x1b[01m\x1b[K/opt/ros/iron/include/rclcpp/rclcpp/executor_options.hpp:20\x1b[m\x1b[K,\n'}
[2.495300] (serial) StderrLine: {'line': b'                 from \x1b[01m\x1b[K/opt/ros/iron/include/rclcpp/rclcpp/executor.hpp:37\x1b[m\x1b[K,\n'}
[2.495386] (serial) StderrLine: {'line': b'                 from \x1b[01m\x1b[K/opt/ros/iron/include/rclcpp/rclcpp/executors/multi_threaded_executor.hpp:25\x1b[m\x1b[K,\n'}
[2.495480] (serial) StderrLine: {'line': b'                 from \x1b[01m\x1b[K/opt/ros/iron/include/rclcpp/rclcpp/executors.hpp:21\x1b[m\x1b[K,\n'}
[2.495553] (serial) StderrLine: {'line': b'                 from \x1b[01m\x1b[K/opt/ros/iron/include/rclcpp/rclcpp/rclcpp.hpp:167\x1b[m\x1b[K,\n'}
[2.495631] (serial) StderrLine: {'line': b'                 from \x1b[01m\x1b[K/home/ozone/robomaster-cv/ros_ws/src/serial/include/serial_spinner.hpp:19\x1b[m\x1b[K,\n'}
[2.495686] (serial) StderrLine: {'line': b'                 from \x1b[01m\x1b[K/home/ozone/robomaster-cv/ros_ws/src/serial/src/serial_spinner.cpp:9\x1b[m\x1b[K:\n'}
[2.495747] (serial) StderrLine: {'line': b'\x1b[01m\x1b[K/opt/ros/iron/include/builtin_interfaces/builtin_interfaces/msg/detail/time__struct.hpp:27:11:\x1b[m\x1b[K \x1b[01;36m\x1b[Knote: \x1b[m\x1b[K  \xe2\x80\x98\x1b[01m\x1b[Kbuiltin_interfaces::msg\x1b[m\x1b[K\xe2\x80\x99\n'}
[2.495815] (serial) StderrLine: {'line': b'   27 | namespace \x1b[01;36m\x1b[Kmsg\x1b[m\x1b[K\n'}
[2.495889] (serial) StderrLine: {'line': b'      |           \x1b[01;36m\x1b[K^~~\x1b[m\x1b[K\n'}
[2.495970] (serial) StderrLine: {'line': b'In file included from \x1b[01m\x1b[K/opt/ros/iron/include/rcl_interfaces/rcl_interfaces/msg/set_parameters_result.hpp:7\x1b[m\x1b[K,\n'}
[2.496141] (serial) StderrLine: {'line': b'                 from \x1b[01m\x1b[K/opt/ros/iron/include/rclcpp/rclcpp/qos_overriding_options.hpp:28\x1b[m\x1b[K,\n'}
[2.496205] (serial) StderrLine: {'line': b'                 from \x1b[01m\x1b[K/opt/ros/iron/include/rclcpp/rclcpp/subscription_options.hpp:30\x1b[m\x1b[K,\n'}
[2.496238] (serial) StderrLine: {'line': b'                 from \x1b[01m\x1b[K/opt/ros/iron/include/rclcpp/rclcpp/subscription.hpp:45\x1b[m\x1b[K,\n'}
[2.496284] (serial) StderrLine: {'line': b'                 from \x1b[01m\x1b[K/opt/ros/iron/include/rclcpp/rclcpp/any_executable.hpp:25\x1b[m\x1b[K,\n'}
[2.496343] (serial) StderrLine: {'line': b'                 from \x1b[01m\x1b[K/opt/ros/iron/include/rclcpp/rclcpp/memory_strategy.hpp:25\x1b[m\x1b[K,\n'}
[2.496414] (serial) StderrLine: {'line': b'                 from \x1b[01m\x1b[K/opt/ros/iron/include/rclcpp/rclcpp/memory_strategies.hpp:18\x1b[m\x1b[K,\n'}
[2.496456] (serial) StderrLine: {'line': b'                 from \x1b[01m\x1b[K/opt/ros/iron/include/rclcpp/rclcpp/executor_options.hpp:20\x1b[m\x1b[K,\n'}
[2.497847] (serial) StderrLine: {'line': b'                 from \x1b[01m\x1b[K/opt/ros/iron/include/rclcpp/rclcpp/executor.hpp:37\x1b[m\x1b[K,\n'}
[2.497951] (serial) StderrLine: {'line': b'                 from \x1b[01m\x1b[K/opt/ros/iron/include/rclcpp/rclcpp/executors/multi_threaded_executor.hpp:25\x1b[m\x1b[K,\n'}
[2.498004] (serial) StderrLine: {'line': b'                 from \x1b[01m\x1b[K/opt/ros/iron/include/rclcpp/rclcpp/executors.hpp:21\x1b[m\x1b[K,\n'}
[2.498035] (serial) StderrLine: {'line': b'                 from \x1b[01m\x1b[K/opt/ros/iron/include/rclcpp/rclcpp/rclcpp.hpp:167\x1b[m\x1b[K,\n'}
[2.498063] (serial) StderrLine: {'line': b'                 from \x1b[01m\x1b[K/home/ozone/robomaster-cv/ros_ws/src/serial/include/serial_spinner.hpp:19\x1b[m\x1b[K,\n'}
[2.498089] (serial) StderrLine: {'line': b'                 from \x1b[01m\x1b[K/home/ozone/robomaster-cv/ros_ws/src/serial/src/serial_spinner.cpp:9\x1b[m\x1b[K:\n'}
[2.498115] (serial) StderrLine: {'line': b'\x1b[01m\x1b[K/opt/ros/iron/include/rcl_interfaces/rcl_interfaces/msg/detail/set_parameters_result__struct.hpp:27:11:\x1b[m\x1b[K \x1b[01;36m\x1b[Knote: \x1b[m\x1b[K  \xe2\x80\x98\x1b[01m\x1b[Krcl_interfaces::msg\x1b[m\x1b[K\xe2\x80\x99\n'}
[2.498149] (serial) StderrLine: {'line': b'   27 | namespace \x1b[01;36m\x1b[Kmsg\x1b[m\x1b[K\n'}
[2.498173] (serial) StderrLine: {'line': b'      |           \x1b[01;36m\x1b[K^~~\x1b[m\x1b[K\n'}
[2.498208] (serial) StderrLine: {'line': b'In file included from \x1b[01m\x1b[K/opt/ros/iron/include/statistics_msgs/statistics_msgs/msg/detail/metrics_message__struct.hpp:23\x1b[m\x1b[K,\n'}
[2.498249] (serial) StderrLine: {'line': b'                 from \x1b[01m\x1b[K/opt/ros/iron/include/statistics_msgs/statistics_msgs/msg/metrics_message.hpp:7\x1b[m\x1b[K,\n'}
[2.498292] (serial) StderrLine: {'line': b'                 from \x1b[01m\x1b[K/opt/ros/iron/include/libstatistics_collector/libstatistics_collector/collector/generate_statistics_message.hpp:21\x1b[m\x1b[K,\n'}
[2.498333] (serial) StderrLine: {'line': b'                 from \x1b[01m\x1b[K/opt/ros/iron/include/rclcpp/rclcpp/topic_statistics/subscription_topic_statistics.hpp:23\x1b[m\x1b[K,\n'}
[2.498363] (serial) StderrLine: {'line': b'                 from \x1b[01m\x1b[K/opt/ros/iron/include/rclcpp/rclcpp/subscription.hpp:50\x1b[m\x1b[K,\n'}
[2.498389] (serial) StderrLine: {'line': b'                 from \x1b[01m\x1b[K/opt/ros/iron/include/rclcpp/rclcpp/any_executable.hpp:25\x1b[m\x1b[K,\n'}
[2.498415] (serial) StderrLine: {'line': b'                 from \x1b[01m\x1b[K/opt/ros/iron/include/rclcpp/rclcpp/memory_strategy.hpp:25\x1b[m\x1b[K,\n'}
[2.498453] (serial) StderrLine: {'line': b'                 from \x1b[01m\x1b[K/opt/ros/iron/include/rclcpp/rclcpp/memory_strategies.hpp:18\x1b[m\x1b[K,\n'}
[2.498485] (serial) StderrLine: {'line': b'                 from \x1b[01m\x1b[K/opt/ros/iron/include/rclcpp/rclcpp/executor_options.hpp:20\x1b[m\x1b[K,\n'}
[2.498517] (serial) StderrLine: {'line': b'                 from \x1b[01m\x1b[K/opt/ros/iron/include/rclcpp/rclcpp/executor.hpp:37\x1b[m\x1b[K,\n'}
[2.498549] (serial) StderrLine: {'line': b'                 from \x1b[01m\x1b[K/opt/ros/iron/include/rclcpp/rclcpp/executors/multi_threaded_executor.hpp:25\x1b[m\x1b[K,\n'}
[2.498577] (serial) StderrLine: {'line': b'                 from \x1b[01m\x1b[K/opt/ros/iron/include/rclcpp/rclcpp/executors.hpp:21\x1b[m\x1b[K,\n'}
[2.498601] (serial) StderrLine: {'line': b'                 from \x1b[01m\x1b[K/opt/ros/iron/include/rclcpp/rclcpp/rclcpp.hpp:167\x1b[m\x1b[K,\n'}
[2.498634] (serial) StderrLine: {'line': b'                 from \x1b[01m\x1b[K/home/ozone/robomaster-cv/ros_ws/src/serial/include/serial_spinner.hpp:19\x1b[m\x1b[K,\n'}
[2.498662] (serial) StderrLine: {'line': b'                 from \x1b[01m\x1b[K/home/ozone/robomaster-cv/ros_ws/src/serial/src/serial_spinner.cpp:9\x1b[m\x1b[K:\n'}
[2.498688] (serial) StderrLine: {'line': b'\x1b[01m\x1b[K/opt/ros/iron/include/statistics_msgs/statistics_msgs/msg/detail/statistic_data_point__struct.hpp:27:11:\x1b[m\x1b[K \x1b[01;36m\x1b[Knote: \x1b[m\x1b[K  \xe2\x80\x98\x1b[01m\x1b[Kstatistics_msgs::msg\x1b[m\x1b[K\xe2\x80\x99\n'}
[2.498714] (serial) StderrLine: {'line': b'   27 | namespace \x1b[01;36m\x1b[Kmsg\x1b[m\x1b[K\n'}
[2.498738] (serial) StderrLine: {'line': b'      |           \x1b[01;36m\x1b[K^~~\x1b[m\x1b[K\n'}
[2.498772] (serial) StderrLine: {'line': b'In file included from \x1b[01m\x1b[K/opt/ros/iron/include/rcl_interfaces/rcl_interfaces/srv/detail/describe_parameters__struct.hpp:236\x1b[m\x1b[K,\n'}
[2.498798] (serial) StderrLine: {'line': b'                 from \x1b[01m\x1b[K/opt/ros/iron/include/rcl_interfaces/rcl_interfaces/srv/describe_parameters.hpp:7\x1b[m\x1b[K,\n'}
[2.498851] (serial) StderrLine: {'line': b'                 from \x1b[01m\x1b[K/opt/ros/iron/include/rclcpp/rclcpp/parameter_client.hpp:28\x1b[m\x1b[K,\n'}
[2.498895] (serial) StderrLine: {'line': b'                 from \x1b[01m\x1b[K/opt/ros/iron/include/rclcpp/rclcpp/rclcpp.hpp:171\x1b[m\x1b[K,\n'}
[2.498929] (serial) StderrLine: {'line': b'                 from \x1b[01m\x1b[K/home/ozone/robomaster-cv/ros_ws/src/serial/include/serial_spinner.hpp:19\x1b[m\x1b[K,\n'}
[2.498967] (serial) StderrLine: {'line': b'                 from \x1b[01m\x1b[K/home/ozone/robomaster-cv/ros_ws/src/serial/src/serial_spinner.cpp:9\x1b[m\x1b[K:\n'}
[2.499012] (serial) StderrLine: {'line': b'\x1b[01m\x1b[K/opt/ros/iron/include/service_msgs/service_msgs/msg/detail/service_event_info__struct.hpp:31:11:\x1b[m\x1b[K \x1b[01;36m\x1b[Knote: \x1b[m\x1b[K  \xe2\x80\x98\x1b[01m\x1b[Kservice_msgs::msg\x1b[m\x1b[K\xe2\x80\x99\n'}
[2.499056] (serial) StderrLine: {'line': b'   31 | namespace \x1b[01;36m\x1b[Kmsg\x1b[m\x1b[K\n'}
[2.499399] (serial) StderrLine: {'line': b'      |           \x1b[01;36m\x1b[K^~~\x1b[m\x1b[K\n'}
[2.499445] (serial) StderrLine: {'line': b'In file included from \x1b[01m\x1b[K/home/ozone/robomaster-cv/ros_ws/install/polystar_msgs/include/polystar_msgs/polystar_msgs/msg/game_stage.hpp:7\x1b[m\x1b[K,\n'}
[2.499475] (serial) StderrLine: {'line': b'                 from \x1b[01m\x1b[K/home/ozone/robomaster-cv/ros_ws/src/serial/include/serial_spinner.hpp:20\x1b[m\x1b[K,\n'}
[2.499503] (serial) StderrLine: {'line': b'                 from \x1b[01m\x1b[K/home/ozone/robomaster-cv/ros_ws/src/serial/src/serial_spinner.cpp:9\x1b[m\x1b[K:\n'}
[2.499530] (serial) StderrLine: {'line': b'\x1b[01m\x1b[K/home/ozone/robomaster-cv/ros_ws/install/polystar_msgs/include/polystar_msgs/polystar_msgs/msg/detail/game_stage__struct.hpp:31:11:\x1b[m\x1b[K \x1b[01;36m\x1b[Knote: \x1b[m\x1b[K  \xe2\x80\x98\x1b[01m\x1b[Kpolystar_msgs::msg\x1b[m\x1b[K\xe2\x80\x99\n'}
[2.499558] (serial) StderrLine: {'line': b'   31 | namespace \x1b[01;36m\x1b[Kmsg\x1b[m\x1b[K\n'}
[2.499583] (serial) StderrLine: {'line': b'      |           \x1b[01;36m\x1b[K^~~\x1b[m\x1b[K\n'}
[2.499608] (serial) StderrLine: {'line': b'\x1b[01m\x1b[K/home/ozone/robomaster-cv/ros_ws/src/serial/src/serial_spinner.cpp:171:31:\x1b[m\x1b[K \x1b[01;31m\x1b[Kerror: \x1b[m\x1b[K\xe2\x80\x98\x1b[01m\x1b[Know\x1b[m\x1b[K\xe2\x80\x99 is not a member of \xe2\x80\x98\x1b[01m\x1b[Krclcpp::Time\x1b[m\x1b[K\xe2\x80\x99\n'}
[2.499636] (serial) StderrLine: {'line': b'  171 |     msg.stamp = rclcpp::Time::\x1b[01;31m\x1b[Know\x1b[m\x1b[K();\n'}
[2.499661] (serial) StderrLine: {'line': b'      |                               \x1b[01;31m\x1b[K^~~\x1b[m\x1b[K\n'}
[2.499686] (serial) StderrLine: {'line': b'\x1b[01m\x1b[K/home/ozone/robomaster-cv/ros_ws/src/serial/src/serial_spinner.cpp:\x1b[m\x1b[K In member function \xe2\x80\x98\x1b[01m\x1b[Kvoid SerialSpinner::handleMessage(const T&) [with T = serial::msg::Gamestage]\x1b[m\x1b[K\xe2\x80\x99:\n'}
[2.499713] (serial) StderrLine: {'line': b'\x1b[01m\x1b[K/home/ozone/robomaster-cv/ros_ws/src/serial/src/serial_spinner.cpp:189:18:\x1b[m\x1b[K \x1b[01;31m\x1b[Kerror: \x1b[m\x1b[K\xe2\x80\x98\x1b[01m\x1b[KGameStage\x1b[m\x1b[K\xe2\x80\x99 is not a member of \xe2\x80\x98\x1b[01m\x1b[Kserial::msg\x1b[m\x1b[K\xe2\x80\x99; did you mean \xe2\x80\x98\x1b[01m\x1b[KGamestage\x1b[m\x1b[K\xe2\x80\x99?\n'}
[2.499741] (serial) StderrLine: {'line': b'  189 |     serial::msg::\x1b[01;31m\x1b[KGameStage\x1b[m\x1b[K msg;\n'}
[2.499769] (serial) StderrLine: {'line': b'      |                  \x1b[01;31m\x1b[K^~~~~~~~~\x1b[m\x1b[K\n'}
[2.499794] (serial) StderrLine: {'line': b'      |                  \x1b[32m\x1b[KGamestage\x1b[m\x1b[K\n'}
[2.499819] (serial) StderrLine: {'line': b'\x1b[01m\x1b[K/home/ozone/robomaster-cv/ros_ws/src/serial/src/serial_spinner.cpp:191:5:\x1b[m\x1b[K \x1b[01;31m\x1b[Kerror: \x1b[m\x1b[K\xe2\x80\x98\x1b[01m\x1b[Kmsg\x1b[m\x1b[K\xe2\x80\x99 was not declared in this scope\n'}
[2.499845] (serial) StderrLine: {'line': b'  191 |     \x1b[01;31m\x1b[Kmsg\x1b[m\x1b[K.stamp = rclcpp::Time::now();\n'}
[2.499870] (serial) StderrLine: {'line': b'      |     \x1b[01;31m\x1b[K^~~\x1b[m\x1b[K\n'}
[2.499895] (serial) StderrLine: {'line': b'\x1b[01m\x1b[K/home/ozone/robomaster-cv/ros_ws/src/serial/src/serial_spinner.cpp:191:5:\x1b[m\x1b[K \x1b[01;36m\x1b[Knote: \x1b[m\x1b[Ksuggested alternatives:\n'}
[2.499934] (serial) StderrLine: {'line': b'In file included from \x1b[01m\x1b[K/home/ozone/robomaster-cv/ros_ws/src/serial/include/serial_spinner.hpp:11\x1b[m\x1b[K,\n'}
[2.499963] (serial) StderrLine: {'line': b'                 from \x1b[01m\x1b[K/home/ozone/robomaster-cv/ros_ws/src/serial/src/serial_spinner.cpp:9\x1b[m\x1b[K:\n'}
[2.499989] (serial) StderrLine: {'line': b'\x1b[01m\x1b[K/home/ozone/robomaster-cv/ros_ws/src/serial/include/protocol.hpp:40:11:\x1b[m\x1b[K \x1b[01;36m\x1b[Knote: \x1b[m\x1b[K  \xe2\x80\x98\x1b[01m\x1b[Kserial::msg\x1b[m\x1b[K\xe2\x80\x99\n'}
[2.500017] (serial) StderrLine: {'line': b'   40 | namespace \x1b[01;36m\x1b[Kmsg\x1b[m\x1b[K {\n'}
[2.500061] (serial) StderrLine: {'line': b'      |           \x1b[01;36m\x1b[K^~~\x1b[m\x1b[K\n'}
[2.500104] (serial) StderrLine: {'line': b'In file included from \x1b[01m\x1b[K/opt/ros/iron/include/builtin_interfaces/builtin_interfaces/msg/time.hpp:7\x1b[m\x1b[K,\n'}
[2.500145] (serial) StderrLine: {'line': b'                 from \x1b[01m\x1b[K/opt/ros/iron/include/rclcpp/rclcpp/time.hpp:18\x1b[m\x1b[K,\n'}
[2.500188] (serial) StderrLine: {'line': b'                 from \x1b[01m\x1b[K/opt/ros/iron/include/rclcpp/rclcpp/clock.hpp:24\x1b[m\x1b[K,\n'}
[2.500217] (serial) StderrLine: {'line': b'                 from \x1b[01m\x1b[K/opt/ros/iron/include/rclcpp/rclcpp/client.hpp:38\x1b[m\x1b[K,\n'}
[2.500246] (serial) StderrLine: {'line': b'                 from \x1b[01m\x1b[K/opt/ros/iron/include/rclcpp/rclcpp/callback_group.hpp:24\x1b[m\x1b[K,\n'}
[2.500272] (serial) StderrLine: {'line': b'                 from \x1b[01m\x1b[K/opt/ros/iron/include/rclcpp/rclcpp/any_executable.hpp:20\x1b[m\x1b[K,\n'}
[2.500299] (serial) StderrLine: {'line': b'                 from \x1b[01m\x1b[K/opt/ros/iron/include/rclcpp/rclcpp/memory_strategy.hpp:25\x1b[m\x1b[K,\n'}
[2.500326] (serial) StderrLine: {'line': b'                 from \x1b[01m\x1b[K/opt/ros/iron/include/rclcpp/rclcpp/memory_strategies.hpp:18\x1b[m\x1b[K,\n'}
[2.500375] (serial) StderrLine: {'line': b'                 from \x1b[01m\x1b[K/opt/ros/iron/include/rclcpp/rclcpp/executor_options.hpp:20\x1b[m\x1b[K,\n'}
[2.500406] (serial) StderrLine: {'line': b'                 from \x1b[01m\x1b[K/opt/ros/iron/include/rclcpp/rclcpp/executor.hpp:37\x1b[m\x1b[K,\n'}
[2.500434] (serial) StderrLine: {'line': b'                 from \x1b[01m\x1b[K/opt/ros/iron/include/rclcpp/rclcpp/executors/multi_threaded_executor.hpp:25\x1b[m\x1b[K,\n'}
[2.500462] (serial) StderrLine: {'line': b'                 from \x1b[01m\x1b[K/opt/ros/iron/include/rclcpp/rclcpp/executors.hpp:21\x1b[m\x1b[K,\n'}
[2.500487] (serial) StderrLine: {'line': b'                 from \x1b[01m\x1b[K/opt/ros/iron/include/rclcpp/rclcpp/rclcpp.hpp:167\x1b[m\x1b[K,\n'}
[2.500513] (serial) StderrLine: {'line': b'                 from \x1b[01m\x1b[K/home/ozone/robomaster-cv/ros_ws/src/serial/include/serial_spinner.hpp:19\x1b[m\x1b[K,\n'}
[2.500540] (serial) StderrLine: {'line': b'                 from \x1b[01m\x1b[K/home/ozone/robomaster-cv/ros_ws/src/serial/src/serial_spinner.cpp:9\x1b[m\x1b[K:\n'}
[2.500571] (serial) StderrLine: {'line': b'\x1b[01m\x1b[K/opt/ros/iron/include/builtin_interfaces/builtin_interfaces/msg/detail/time__struct.hpp:27:11:\x1b[m\x1b[K \x1b[01;36m\x1b[Knote: \x1b[m\x1b[K  \xe2\x80\x98\x1b[01m\x1b[Kbuiltin_interfaces::msg\x1b[m\x1b[K\xe2\x80\x99\n'}
[2.500598] (serial) StderrLine: {'line': b'   27 | namespace \x1b[01;36m\x1b[Kmsg\x1b[m\x1b[K\n'}
[2.500623] (serial) StderrLine: {'line': b'      |           \x1b[01;36m\x1b[K^~~\x1b[m\x1b[K\n'}
[2.500661] (serial) StderrLine: {'line': b'In file included from \x1b[01m\x1b[K/opt/ros/iron/include/rcl_interfaces/rcl_interfaces/msg/set_parameters_result.hpp:7\x1b[m\x1b[K,\n'}
[2.500690] (serial) StderrLine: {'line': b'                 from \x1b[01m\x1b[K/opt/ros/iron/include/rclcpp/rclcpp/qos_overriding_options.hpp:28\x1b[m\x1b[K,\n'}
[2.500734] (serial) StderrLine: {'line': b'                 from \x1b[01m\x1b[K/opt/ros/iron/include/rclcpp/rclcpp/subscription_options.hpp:30\x1b[m\x1b[K,\n'}
[2.500793] (serial) StderrLine: {'line': b'                 from \x1b[01m\x1b[K/opt/ros/iron/include/rclcpp/rclcpp/subscription.hpp:45\x1b[m\x1b[K,\n'}
[2.500828] (serial) StderrLine: {'line': b'                 from \x1b[01m\x1b[K/opt/ros/iron/include/rclcpp/rclcpp/any_executable.hpp:25\x1b[m\x1b[K,\n'}
[2.500883] (serial) StderrLine: {'line': b'                 from \x1b[01m\x1b[K/opt/ros/iron/include/rclcpp/rclcpp/memory_strategy.hpp:25\x1b[m\x1b[K,\n'}
[2.500930] (serial) StderrLine: {'line': b'                 from \x1b[01m\x1b[K/opt/ros/iron/include/rclcpp/rclcpp/memory_strategies.hpp:18\x1b[m\x1b[K,\n'}
[2.500993] (serial) StderrLine: {'line': b'                 from \x1b[01m\x1b[K/opt/ros/iron/include/rclcpp/rclcpp/executor_options.hpp:20\x1b[m\x1b[K,\n'}
[2.501040] (serial) StderrLine: {'line': b'                 from \x1b[01m\x1b[K/opt/ros/iron/include/rclcpp/rclcpp/executor.hpp:37\x1b[m\x1b[K,\n'}
[2.501072] (serial) StderrLine: {'line': b'                 from \x1b[01m\x1b[K/opt/ros/iron/include/rclcpp/rclcpp/executors/multi_threaded_executor.hpp:25\x1b[m\x1b[K,\n'}
[2.501098] (serial) StderrLine: {'line': b'                 from \x1b[01m\x1b[K/opt/ros/iron/include/rclcpp/rclcpp/executors.hpp:21\x1b[m\x1b[K,\n'}
[2.501149] (serial) StderrLine: {'line': b'                 from \x1b[01m\x1b[K/opt/ros/iron/include/rclcpp/rclcpp/rclcpp.hpp:167\x1b[m\x1b[K,\n'}
[2.501188] (serial) StderrLine: {'line': b'                 from \x1b[01m\x1b[K/home/ozone/robomaster-cv/ros_ws/src/serial/include/serial_spinner.hpp:19\x1b[m\x1b[K,\n'}
[2.501229] (serial) StderrLine: {'line': b'                 from \x1b[01m\x1b[K/home/ozone/robomaster-cv/ros_ws/src/serial/src/serial_spinner.cpp:9\x1b[m\x1b[K:\n'}
[2.501270] (serial) StderrLine: {'line': b'\x1b[01m\x1b[K/opt/ros/iron/include/rcl_interfaces/rcl_interfaces/msg/detail/set_parameters_result__struct.hpp:27:11:\x1b[m\x1b[K \x1b[01;36m\x1b[Knote: \x1b[m\x1b[K  \xe2\x80\x98\x1b[01m\x1b[Krcl_interfaces::msg\x1b[m\x1b[K\xe2\x80\x99\n'}
[2.501317] (serial) StderrLine: {'line': b'   27 | namespace \x1b[01;36m\x1b[Kmsg\x1b[m\x1b[K\n'}
[2.501345] (serial) StderrLine: {'line': b'      |           \x1b[01;36m\x1b[K^~~\x1b[m\x1b[K\n'}
[2.501376] (serial) StderrLine: {'line': b'In file included from \x1b[01m\x1b[K/opt/ros/iron/include/statistics_msgs/statistics_msgs/msg/detail/metrics_message__struct.hpp:23\x1b[m\x1b[K,\n'}
[2.501448] (serial) StderrLine: {'line': b'                 from \x1b[01m\x1b[K/opt/ros/iron/include/statistics_msgs/statistics_msgs/msg/metrics_message.hpp:7\x1b[m\x1b[K,\n'}
[2.501482] (serial) StderrLine: {'line': b'                 from \x1b[01m\x1b[K/opt/ros/iron/include/libstatistics_collector/libstatistics_collector/collector/generate_statistics_message.hpp:21\x1b[m\x1b[K,\n'}
[2.501509] (serial) StderrLine: {'line': b'                 from \x1b[01m\x1b[K/opt/ros/iron/include/rclcpp/rclcpp/topic_statistics/subscription_topic_statistics.hpp:23\x1b[m\x1b[K,\n'}
[2.501536] (serial) StderrLine: {'line': b'                 from \x1b[01m\x1b[K/opt/ros/iron/include/rclcpp/rclcpp/subscription.hpp:50\x1b[m\x1b[K,\n'}
[2.501561] (serial) StderrLine: {'line': b'                 from \x1b[01m\x1b[K/opt/ros/iron/include/rclcpp/rclcpp/any_executable.hpp:25\x1b[m\x1b[K,\n'}
[2.501586] (serial) StderrLine: {'line': b'                 from \x1b[01m\x1b[K/opt/ros/iron/include/rclcpp/rclcpp/memory_strategy.hpp:25\x1b[m\x1b[K,\n'}
[2.501638] (serial) StderrLine: {'line': b'                 from \x1b[01m\x1b[K/opt/ros/iron/include/rclcpp/rclcpp/memory_strategies.hpp:18\x1b[m\x1b[K,\n'}
[2.501671] (serial) StderrLine: {'line': b'                 from \x1b[01m\x1b[K/opt/ros/iron/include/rclcpp/rclcpp/executor_options.hpp:20\x1b[m\x1b[K,\n'}
[2.501710] (serial) StderrLine: {'line': b'                 from \x1b[01m\x1b[K/opt/ros/iron/include/rclcpp/rclcpp/executor.hpp:37\x1b[m\x1b[K,\n'}
[2.501766] (serial) StderrLine: {'line': b'                 from \x1b[01m\x1b[K/opt/ros/iron/include/rclcpp/rclcpp/executors/multi_threaded_executor.hpp:25\x1b[m\x1b[K,\n'}
[2.501795] (serial) StderrLine: {'line': b'                 from \x1b[01m\x1b[K/opt/ros/iron/include/rclcpp/rclcpp/executors.hpp:21\x1b[m\x1b[K,\n'}
[2.501821] (serial) StderrLine: {'line': b'                 from \x1b[01m\x1b[K/opt/ros/iron/include/rclcpp/rclcpp/rclcpp.hpp:167\x1b[m\x1b[K,\n'}
[2.501846] (serial) StderrLine: {'line': b'                 from \x1b[01m\x1b[K/home/ozone/robomaster-cv/ros_ws/src/serial/include/serial_spinner.hpp:19\x1b[m\x1b[K,\n'}
[2.501872] (serial) StderrLine: {'line': b'                 from \x1b[01m\x1b[K/home/ozone/robomaster-cv/ros_ws/src/serial/src/serial_spinner.cpp:9\x1b[m\x1b[K:\n'}
[2.501913] (serial) StderrLine: {'line': b'\x1b[01m\x1b[K/opt/ros/iron/include/statistics_msgs/statistics_msgs/msg/detail/statistic_data_point__struct.hpp:27:11:\x1b[m\x1b[K \x1b[01;36m\x1b[Knote: \x1b[m\x1b[K  \xe2\x80\x98\x1b[01m\x1b[Kstatistics_msgs::msg\x1b[m\x1b[K\xe2\x80\x99\n'}
[2.501951] (serial) StderrLine: {'line': b'   27 | namespace \x1b[01;36m\x1b[Kmsg\x1b[m\x1b[K\n'}
[2.501995] (serial) StderrLine: {'line': b'      |           \x1b[01;36m\x1b[K^~~\x1b[m\x1b[K\n'}
[2.502022] (serial) StderrLine: {'line': b'In file included from \x1b[01m\x1b[K/opt/ros/iron/include/rcl_interfaces/rcl_interfaces/srv/detail/describe_parameters__struct.hpp:236\x1b[m\x1b[K,\n'}
[2.502059] (serial) StderrLine: {'line': b'                 from \x1b[01m\x1b[K/opt/ros/iron/include/rcl_interfaces/rcl_interfaces/srv/describe_parameters.hpp:7\x1b[m\x1b[K,\n'}
[2.502092] (serial) StderrLine: {'line': b'                 from \x1b[01m\x1b[K/opt/ros/iron/include/rclcpp/rclcpp/parameter_client.hpp:28\x1b[m\x1b[K,\n'}
[2.502118] (serial) StderrLine: {'line': b'                 from \x1b[01m\x1b[K/opt/ros/iron/include/rclcpp/rclcpp/rclcpp.hpp:171\x1b[m\x1b[K,\n'}
[2.502142] (serial) StderrLine: {'line': b'                 from \x1b[01m\x1b[K/home/ozone/robomaster-cv/ros_ws/src/serial/include/serial_spinner.hpp:19\x1b[m\x1b[K,\n'}
[2.502170] (serial) StderrLine: {'line': b'                 from \x1b[01m\x1b[K/home/ozone/robomaster-cv/ros_ws/src/serial/src/serial_spinner.cpp:9\x1b[m\x1b[K:\n'}
[2.502193] (serial) StderrLine: {'line': b'\x1b[01m\x1b[K/opt/ros/iron/include/service_msgs/service_msgs/msg/detail/service_event_info__struct.hpp:31:11:\x1b[m\x1b[K \x1b[01;36m\x1b[Knote: \x1b[m\x1b[K  \xe2\x80\x98\x1b[01m\x1b[Kservice_msgs::msg\x1b[m\x1b[K\xe2\x80\x99\n'}
[2.502218] (serial) StderrLine: {'line': b'   31 | namespace \x1b[01;36m\x1b[Kmsg\x1b[m\x1b[K\n'}
[2.502243] (serial) StderrLine: {'line': b'      |           \x1b[01;36m\x1b[K^~~\x1b[m\x1b[K\n'}
[2.502266] (serial) StderrLine: {'line': b'In file included from \x1b[01m\x1b[K/home/ozone/robomaster-cv/ros_ws/install/polystar_msgs/include/polystar_msgs/polystar_msgs/msg/game_stage.hpp:7\x1b[m\x1b[K,\n'}
[2.502315] (serial) StderrLine: {'line': b'                 from \x1b[01m\x1b[K/home/ozone/robomaster-cv/ros_ws/src/serial/include/serial_spinner.hpp:20\x1b[m\x1b[K,\n'}
[2.502362] (serial) StderrLine: {'line': b'                 from \x1b[01m\x1b[K/home/ozone/robomaster-cv/ros_ws/src/serial/src/serial_spinner.cpp:9\x1b[m\x1b[K:\n'}
[2.502399] (serial) StderrLine: {'line': b'\x1b[01m\x1b[K/home/ozone/robomaster-cv/ros_ws/install/polystar_msgs/include/polystar_msgs/polystar_msgs/msg/detail/game_stage__struct.hpp:31:11:\x1b[m\x1b[K \x1b[01;36m\x1b[Knote: \x1b[m\x1b[K  \xe2\x80\x98\x1b[01m\x1b[Kpolystar_msgs::msg\x1b[m\x1b[K\xe2\x80\x99\n'}
[2.502436] (serial) StderrLine: {'line': b'   31 | namespace \x1b[01;36m\x1b[Kmsg\x1b[m\x1b[K\n'}
[2.502461] (serial) StderrLine: {'line': b'      |           \x1b[01;36m\x1b[K^~~\x1b[m\x1b[K\n'}
[2.502485] (serial) StderrLine: {'line': b'\x1b[01m\x1b[K/home/ozone/robomaster-cv/ros_ws/src/serial/src/serial_spinner.cpp:191:31:\x1b[m\x1b[K \x1b[01;31m\x1b[Kerror: \x1b[m\x1b[K\xe2\x80\x98\x1b[01m\x1b[Know\x1b[m\x1b[K\xe2\x80\x99 is not a member of \xe2\x80\x98\x1b[01m\x1b[Krclcpp::Time\x1b[m\x1b[K\xe2\x80\x99\n'}
[2.502511] (serial) StderrLine: {'line': b'  191 |     msg.stamp = rclcpp::Time::\x1b[01;31m\x1b[Know\x1b[m\x1b[K();\n'}
[2.502537] (serial) StderrLine: {'line': b'      |                               \x1b[01;31m\x1b[K^~~\x1b[m\x1b[K\n'}
[2.502561] (serial) StderrLine: {'line': b'\x1b[01m\x1b[K/home/ozone/robomaster-cv/ros_ws/src/serial/src/serial_spinner.cpp:\x1b[m\x1b[K In member function \xe2\x80\x98\x1b[01m\x1b[Kvoid SerialSpinner::handleMessage(const T&) [with T = serial::msg::TurretFeedback]\x1b[m\x1b[K\xe2\x80\x99:\n'}
[2.502589] (serial) StderrLine: {'line': b'\x1b[01m\x1b[K/home/ozone/robomaster-cv/ros_ws/src/serial/src/serial_spinner.cpp:202:9:\x1b[m\x1b[K \x1b[01;31m\x1b[Kerror: \x1b[m\x1b[K\xe2\x80\x98\x1b[01m\x1b[Kstruct serial::msg::TurretFeedback\x1b[m\x1b[K\xe2\x80\x99 has no member named \xe2\x80\x98\x1b[01m\x1b[Kstamp\x1b[m\x1b[K\xe2\x80\x99\n'}
[2.502614] (serial) StderrLine: {'line': b'  202 |     msg.\x1b[01;31m\x1b[Kstamp\x1b[m\x1b[K = rclcpp::Time::now();\n'}
[2.502640] (serial) StderrLine: {'line': b'      |         \x1b[01;31m\x1b[K^~~~~\x1b[m\x1b[K\n'}
[2.502666] (serial) StderrLine: {'line': b'\x1b[01m\x1b[K/home/ozone/robomaster-cv/ros_ws/src/serial/src/serial_spinner.cpp:202:31:\x1b[m\x1b[K \x1b[01;31m\x1b[Kerror: \x1b[m\x1b[K\xe2\x80\x98\x1b[01m\x1b[Know\x1b[m\x1b[K\xe2\x80\x99 is not a member of \xe2\x80\x98\x1b[01m\x1b[Krclcpp::Time\x1b[m\x1b[K\xe2\x80\x99\n'}
[2.502701] (serial) StderrLine: {'line': b'  202 |     msg.stamp = rclcpp::Time::\x1b[01;31m\x1b[Know\x1b[m\x1b[K();\n'}
[2.502743] (serial) StderrLine: {'line': b'      |                               \x1b[01;31m\x1b[K^~~\x1b[m\x1b[K\n'}
[2.502781] (serial) StderrLine: {'line': b'\x1b[01m\x1b[K/home/ozone/robomaster-cv/ros_ws/src/serial/src/serial_spinner.cpp:215:23:\x1b[m\x1b[K \x1b[01;31m\x1b[Kerror: \x1b[m\x1b[Kno matching function for call to \xe2\x80\x98\x1b[01m\x1b[Krclcpp::Publisher<polystar_msgs::msg::TurretFeedback_<std::allocator<void> > >::publish(serial::msg::TurretFeedback&)\x1b[m\x1b[K\xe2\x80\x99\n'}
[2.502820] (serial) StderrLine: {'line': b'  215 |     \x1b[01;31m\x1b[Kpub_turret.publish(msg)\x1b[m\x1b[K;\n'}
[2.502848] (serial) StderrLine: {'line': b'      |     \x1b[01;31m\x1b[K~~~~~~~~~~~~~~~~~~^~~~~\x1b[m\x1b[K\n'}
[2.502873] (serial) StderrLine: {'line': b'In file included from \x1b[01m\x1b[K/opt/ros/iron/include/rclcpp/rclcpp/topic_statistics/subscription_topic_statistics.hpp:31\x1b[m\x1b[K,\n'}
[2.502908] (serial) StderrLine: {'line': b'                 from \x1b[01m\x1b[K/opt/ros/iron/include/rclcpp/rclcpp/subscription.hpp:50\x1b[m\x1b[K,\n'}
[2.502936] (serial) StderrLine: {'line': b'                 from \x1b[01m\x1b[K/opt/ros/iron/include/rclcpp/rclcpp/any_executable.hpp:25\x1b[m\x1b[K,\n'}
[2.502961] (serial) StderrLine: {'line': b'                 from \x1b[01m\x1b[K/opt/ros/iron/include/rclcpp/rclcpp/memory_strategy.hpp:25\x1b[m\x1b[K,\n'}
[2.502987] (serial) StderrLine: {'line': b'                 from \x1b[01m\x1b[K/opt/ros/iron/include/rclcpp/rclcpp/memory_strategies.hpp:18\x1b[m\x1b[K,\n'}
[2.503012] (serial) StderrLine: {'line': b'                 from \x1b[01m\x1b[K/opt/ros/iron/include/rclcpp/rclcpp/executor_options.hpp:20\x1b[m\x1b[K,\n'}
[2.503036] (serial) StderrLine: {'line': b'                 from \x1b[01m\x1b[K/opt/ros/iron/include/rclcpp/rclcpp/executor.hpp:37\x1b[m\x1b[K,\n'}
[2.503076] (serial) StderrLine: {'line': b'                 from \x1b[01m\x1b[K/opt/ros/iron/include/rclcpp/rclcpp/executors/multi_threaded_executor.hpp:25\x1b[m\x1b[K,\n'}
[2.503115] (serial) StderrLine: {'line': b'                 from \x1b[01m\x1b[K/opt/ros/iron/include/rclcpp/rclcpp/executors.hpp:21\x1b[m\x1b[K,\n'}
[2.503152] (serial) StderrLine: {'line': b'                 from \x1b[01m\x1b[K/opt/ros/iron/include/rclcpp/rclcpp/rclcpp.hpp:167\x1b[m\x1b[K,\n'}
[2.503178] (serial) StderrLine: {'line': b'                 from \x1b[01m\x1b[K/home/ozone/robomaster-cv/ros_ws/src/serial/include/serial_spinner.hpp:19\x1b[m\x1b[K,\n'}
[2.503203] (serial) StderrLine: {'line': b'                 from \x1b[01m\x1b[K/home/ozone/robomaster-cv/ros_ws/src/serial/src/serial_spinner.cpp:9\x1b[m\x1b[K:\n'}
[2.503227] (serial) StderrLine: {'line': b'\x1b[01m\x1b[K/opt/ros/iron/include/rclcpp/rclcpp/publisher.hpp:227:3:\x1b[m\x1b[K \x1b[01;36m\x1b[Knote: \x1b[m\x1b[Kcandidate: \xe2\x80\x98\x1b[01m\x1b[Ktemplate<class T> std::enable_if_t<(rosidl_generator_traits::is_message<T>::value && std::is_same<T, typename rclcpp::TypeAdapter<MessageT>::ros_message_type>::value)> rclcpp::Publisher<MessageT, AllocatorT>::publish(std::unique_ptr<T, typename std::conditional<std::is_same<typename std::allocator_traits<typename std::allocator_traits<_Allocator>::rebind_traits<typename rclcpp::TypeAdapter<MessageT, void, void>::ros_message_type>::allocator_type>::rebind_alloc<typename rclcpp::TypeAdapter<MessageT, void, void>::ros_message_type>, std::allocator<typename rclcpp::TypeAdapter<MessageT>::ros_message_type> >::value, std::default_delete<typename rclcpp::TypeAdapter<MessageT>::ros_message_type>, rclcpp::allocator::AllocatorDeleter<typename std::allocator_traits<_Allocator>::rebind_traits<typename rclcpp::TypeAdapter<MessageT, void, void>::ros_message_type>::allocator_type> >::type>) [with T = T; MessageT = polystar_msgs::msg::TurretFeedback_<std::allocator<void> >; AllocatorT = std::allocator<void>]\x1b[m\x1b[K\xe2\x80\x99\n'}
[2.503263] (serial) StderrLine: {'line': b'  227 |   \x1b[01;36m\x1b[Kpublish\x1b[m\x1b[K(std::unique_ptr<T, ROSMessageTypeDeleter> msg)\n'}
[2.503301] (serial) StderrLine: {'line': b'      |   \x1b[01;36m\x1b[K^~~~~~~\x1b[m\x1b[K\n'}
[2.503342] (serial) StderrLine: {'line': b'\x1b[01m\x1b[K/opt/ros/iron/include/rclcpp/rclcpp/publisher.hpp:227:3:\x1b[m\x1b[K \x1b[01;36m\x1b[Knote: \x1b[m\x1b[K  template argument deduction/substitution failed:\n'}
[2.503379] (serial) StderrLine: {'line': b'\x1b[01m\x1b[K/home/ozone/robomaster-cv/ros_ws/src/serial/src/serial_spinner.cpp:215:23:\x1b[m\x1b[K \x1b[01;36m\x1b[Knote: \x1b[m\x1b[K  \xe2\x80\x98\x1b[01m\x1b[Kserial::msg::TurretFeedback\x1b[m\x1b[K\xe2\x80\x99 is not derived from \xe2\x80\x98\x1b[01m\x1b[Kstd::unique_ptr<T, std::default_delete<polystar_msgs::msg::TurretFeedback_<std::allocator<void> > > >\x1b[m\x1b[K\xe2\x80\x99\n'}
[2.503415] (serial) StderrLine: {'line': b'  215 |     \x1b[01;36m\x1b[Kpub_turret.publish(msg)\x1b[m\x1b[K;\n'}
[2.503442] (serial) StderrLine: {'line': b'      |     \x1b[01;36m\x1b[K~~~~~~~~~~~~~~~~~~^~~~~\x1b[m\x1b[K\n'}
[2.503729] (serial) StderrLine: {'line': b'In file included from \x1b[01m\x1b[K/opt/ros/iron/include/rclcpp/rclcpp/topic_statistics/subscription_topic_statistics.hpp:31\x1b[m\x1b[K,\n'}
[2.503797] (serial) StderrLine: {'line': b'                 from \x1b[01m\x1b[K/opt/ros/iron/include/rclcpp/rclcpp/subscription.hpp:50\x1b[m\x1b[K,\n'}
[2.503840] (serial) StderrLine: {'line': b'                 from \x1b[01m\x1b[K/opt/ros/iron/include/rclcpp/rclcpp/any_executable.hpp:25\x1b[m\x1b[K,\n'}
[2.503868] (serial) StderrLine: {'line': b'                 from \x1b[01m\x1b[K/opt/ros/iron/include/rclcpp/rclcpp/memory_strategy.hpp:25\x1b[m\x1b[K,\n'}
[2.503894] (serial) StderrLine: {'line': b'                 from \x1b[01m\x1b[K/opt/ros/iron/include/rclcpp/rclcpp/memory_strategies.hpp:18\x1b[m\x1b[K,\n'}
[2.503920] (serial) StderrLine: {'line': b'                 from \x1b[01m\x1b[K/opt/ros/iron/include/rclcpp/rclcpp/executor_options.hpp:20\x1b[m\x1b[K,\n'}
[2.503945] (serial) StderrLine: {'line': b'                 from \x1b[01m\x1b[K/opt/ros/iron/include/rclcpp/rclcpp/executor.hpp:37\x1b[m\x1b[K,\n'}
[2.503982] (serial) StderrLine: {'line': b'                 from \x1b[01m\x1b[K/opt/ros/iron/include/rclcpp/rclcpp/executors/multi_threaded_executor.hpp:25\x1b[m\x1b[K,\n'}
[2.504024] (serial) StderrLine: {'line': b'                 from \x1b[01m\x1b[K/opt/ros/iron/include/rclcpp/rclcpp/executors.hpp:21\x1b[m\x1b[K,\n'}
[2.504051] (serial) StderrLine: {'line': b'                 from \x1b[01m\x1b[K/opt/ros/iron/include/rclcpp/rclcpp/rclcpp.hpp:167\x1b[m\x1b[K,\n'}
[2.504076] (serial) StderrLine: {'line': b'                 from \x1b[01m\x1b[K/home/ozone/robomaster-cv/ros_ws/src/serial/include/serial_spinner.hpp:19\x1b[m\x1b[K,\n'}
[2.504106] (serial) StderrLine: {'line': b'                 from \x1b[01m\x1b[K/home/ozone/robomaster-cv/ros_ws/src/serial/src/serial_spinner.cpp:9\x1b[m\x1b[K:\n'}
[2.504175] (serial) StderrLine: {'line': b'\x1b[01m\x1b[K/opt/ros/iron/include/rclcpp/rclcpp/publisher.hpp:268:3:\x1b[m\x1b[K \x1b[01;36m\x1b[Knote: \x1b[m\x1b[Kcandidate: \xe2\x80\x98\x1b[01m\x1b[Ktemplate<class T> std::enable_if_t<(rosidl_generator_traits::is_message<T>::value && std::is_same<T, typename rclcpp::TypeAdapter<MessageT>::ros_message_type>::value)> rclcpp::Publisher<MessageT, AllocatorT>::publish(const T&) [with T = T; MessageT = polystar_msgs::msg::TurretFeedback_<std::allocator<void> >; AllocatorT = std::allocator<void>]\x1b[m\x1b[K\xe2\x80\x99\n'}
[2.504225] (serial) StderrLine: {'line': b'  268 |   \x1b[01;36m\x1b[Kpublish\x1b[m\x1b[K(const T & msg)\n'}
[2.504267] (serial) StderrLine: {'line': b'      |   \x1b[01;36m\x1b[K^~~~~~~\x1b[m\x1b[K\n'}
[2.504299] (serial) StderrLine: {'line': b'\x1b[01m\x1b[K/opt/ros/iron/include/rclcpp/rclcpp/publisher.hpp:268:3:\x1b[m\x1b[K \x1b[01;36m\x1b[Knote: \x1b[m\x1b[K  template argument deduction/substitution failed:\n'}
[2.504326] (serial) StderrLine: {'line': b'In file included from \x1b[01m\x1b[K/usr/include/c++/11/variant:36\x1b[m\x1b[K,\n'}
[2.504351] (serial) StderrLine: {'line': b'                 from \x1b[01m\x1b[K/home/ozone/robomaster-cv/ros_ws/src/serial/include/protocol.hpp:14\x1b[m\x1b[K,\n'}
[2.504376] (serial) StderrLine: {'line': b'                 from \x1b[01m\x1b[K/home/ozone/robomaster-cv/ros_ws/src/serial/include/serial_spinner.hpp:11\x1b[m\x1b[K,\n'}
[2.504403] (serial) StderrLine: {'line': b'                 from \x1b[01m\x1b[K/home/ozone/robomaster-cv/ros_ws/src/serial/src/serial_spinner.cpp:9\x1b[m\x1b[K:\n'}
[2.504428] (serial) StderrLine: {'line': b'/usr/include/c++/11/type_traits: In substitution of \xe2\x80\x98\x1b[01m\x1b[Ktemplate<bool _Cond, class _Tp> using enable_if_t = typename std::enable_if::type [with bool _Cond = false; _Tp = void]\x1b[m\x1b[K\xe2\x80\x99:\n'}
[2.504458] (serial) StderrLine: {'line': b'\x1b[01m\x1b[K/opt/ros/iron/include/rclcpp/rclcpp/publisher.hpp:268:3:\x1b[m\x1b[K   required by substitution of \xe2\x80\x98\x1b[01m\x1b[Ktemplate<class T> std::enable_if_t<(rosidl_generator_traits::is_message<T>::value && std::is_same<T, polystar_msgs::msg::TurretFeedback_<std::allocator<void> > >::value), void> rclcpp::Publisher<polystar_msgs::msg::TurretFeedback_<std::allocator<void> > >::publish<T>(const T&) [with T = serial::msg::TurretFeedback]\x1b[m\x1b[K\xe2\x80\x99\n'}
[2.504485] (serial) StderrLine: {'line': b'\x1b[01m\x1b[K/home/ozone/robomaster-cv/ros_ws/src/serial/src/serial_spinner.cpp:215:23:\x1b[m\x1b[K   required from here\n'}
[2.504510] (serial) StderrLine: {'line': b'\x1b[01m\x1b[K/usr/include/c++/11/type_traits:2579:11:\x1b[m\x1b[K \x1b[01;31m\x1b[Kerror: \x1b[m\x1b[Kno type named \xe2\x80\x98\x1b[01m\x1b[Ktype\x1b[m\x1b[K\xe2\x80\x99 in \xe2\x80\x98\x1b[01m\x1b[Kstruct std::enable_if<false, void>\x1b[m\x1b[K\xe2\x80\x99\n'}
[2.504535] (serial) StderrLine: {'line': b' 2579 |     using \x1b[01;31m\x1b[Kenable_if_t\x1b[m\x1b[K = typename enable_if<_Cond, _Tp>::type;\n'}
[2.504560] (serial) StderrLine: {'line': b'      |           \x1b[01;31m\x1b[K^~~~~~~~~~~\x1b[m\x1b[K\n'}
[2.504584] (serial) StderrLine: {'line': b'In file included from \x1b[01m\x1b[K/opt/ros/iron/include/rclcpp/rclcpp/topic_statistics/subscription_topic_statistics.hpp:31\x1b[m\x1b[K,\n'}
[2.504607] (serial) StderrLine: {'line': b'                 from \x1b[01m\x1b[K/opt/ros/iron/include/rclcpp/rclcpp/subscription.hpp:50\x1b[m\x1b[K,\n'}
[2.504643] (serial) StderrLine: {'line': b'                 from \x1b[01m\x1b[K/opt/ros/iron/include/rclcpp/rclcpp/any_executable.hpp:25\x1b[m\x1b[K,\n'}
[2.504671] (serial) StderrLine: {'line': b'                 from \x1b[01m\x1b[K/opt/ros/iron/include/rclcpp/rclcpp/memory_strategy.hpp:25\x1b[m\x1b[K,\n'}
[2.504695] (serial) StderrLine: {'line': b'                 from \x1b[01m\x1b[K/opt/ros/iron/include/rclcpp/rclcpp/memory_strategies.hpp:18\x1b[m\x1b[K,\n'}
[2.504720] (serial) StderrLine: {'line': b'                 from \x1b[01m\x1b[K/opt/ros/iron/include/rclcpp/rclcpp/executor_options.hpp:20\x1b[m\x1b[K,\n'}
[2.504745] (serial) StderrLine: {'line': b'                 from \x1b[01m\x1b[K/opt/ros/iron/include/rclcpp/rclcpp/executor.hpp:37\x1b[m\x1b[K,\n'}
[2.504770] (serial) StderrLine: {'line': b'                 from \x1b[01m\x1b[K/opt/ros/iron/include/rclcpp/rclcpp/executors/multi_threaded_executor.hpp:25\x1b[m\x1b[K,\n'}
[2.504796] (serial) StderrLine: {'line': b'                 from \x1b[01m\x1b[K/opt/ros/iron/include/rclcpp/rclcpp/executors.hpp:21\x1b[m\x1b[K,\n'}
[2.504820] (serial) StderrLine: {'line': b'                 from \x1b[01m\x1b[K/opt/ros/iron/include/rclcpp/rclcpp/rclcpp.hpp:167\x1b[m\x1b[K,\n'}
[2.504843] (serial) StderrLine: {'line': b'                 from \x1b[01m\x1b[K/home/ozone/robomaster-cv/ros_ws/src/serial/include/serial_spinner.hpp:19\x1b[m\x1b[K,\n'}
[2.504866] (serial) StderrLine: {'line': b'                 from \x1b[01m\x1b[K/home/ozone/robomaster-cv/ros_ws/src/serial/src/serial_spinner.cpp:9\x1b[m\x1b[K:\n'}
[2.504890] (serial) StderrLine: {'line': b'\x1b[01m\x1b[K/opt/ros/iron/include/rclcpp/rclcpp/publisher.hpp:298:3:\x1b[m\x1b[K \x1b[01;36m\x1b[Knote: \x1b[m\x1b[Kcandidate: \xe2\x80\x98\x1b[01m\x1b[Ktemplate<class T> std::enable_if_t<(typename rclcpp::TypeAdapter<MessageT>::is_specialized::value && std::is_same<T, typename rclcpp::TypeAdapter<MessageT>::custom_type>::value)> rclcpp::Publisher<MessageT, AllocatorT>::publish(std::unique_ptr<T, typename std::conditional<std::is_same<typename std::allocator_traits<typename std::allocator_traits<_Allocator>::rebind_traits<typename rclcpp::TypeAdapter<MessageT, void, void>::custom_type>::allocator_type>::rebind_alloc<typename rclcpp::TypeAdapter<MessageT, void, void>::custom_type>, std::allocator<typename rclcpp::TypeAdapter<MessageT>::custom_type> >::value, std::default_delete<typename rclcpp::TypeAdapter<MessageT>::custom_type>, rclcpp::allocator::AllocatorDeleter<typename std::allocator_traits<_Allocator>::rebind_traits<typename rclcpp::TypeAdapter<MessageT, void, void>::custom_type>::allocator_type> >::type>) [with T = T; MessageT = polystar_msgs::msg::TurretFeedback_<std::allocator<void> >; AllocatorT = std::allocator<void>]\x1b[m\x1b[K\xe2\x80\x99\n'}
[2.504931] (serial) StderrLine: {'line': b'  298 |   \x1b[01;36m\x1b[Kpublish\x1b[m\x1b[K(std::unique_ptr<T, PublishedTypeDeleter> msg)\n'}
[2.504958] (serial) StderrLine: {'line': b'      |   \x1b[01;36m\x1b[K^~~~~~~\x1b[m\x1b[K\n'}
[2.504982] (serial) StderrLine: {'line': b'\x1b[01m\x1b[K/opt/ros/iron/include/rclcpp/rclcpp/publisher.hpp:298:3:\x1b[m\x1b[K \x1b[01;36m\x1b[Knote: \x1b[m\x1b[K  template argument deduction/substitution failed:\n'}
[2.505008] (serial) StderrLine: {'line': b'\x1b[01m\x1b[K/home/ozone/robomaster-cv/ros_ws/src/serial/src/serial_spinner.cpp:215:23:\x1b[m\x1b[K \x1b[01;36m\x1b[Knote: \x1b[m\x1b[K  \xe2\x80\x98\x1b[01m\x1b[Kserial::msg::TurretFeedback\x1b[m\x1b[K\xe2\x80\x99 is not derived from \xe2\x80\x98\x1b[01m\x1b[Kstd::unique_ptr<T, std::default_delete<polystar_msgs::msg::TurretFeedback_<std::allocator<void> > > >\x1b[m\x1b[K\xe2\x80\x99\n'}
[2.505033] (serial) StderrLine: {'line': b'  215 |     \x1b[01;36m\x1b[Kpub_turret.publish(msg)\x1b[m\x1b[K;\n'}
[2.505070] (serial) StderrLine: {'line': b'      |     \x1b[01;36m\x1b[K~~~~~~~~~~~~~~~~~~^~~~~\x1b[m\x1b[K\n'}
[2.505123] (serial) StderrLine: {'line': b'In file included from \x1b[01m\x1b[K/opt/ros/iron/include/rclcpp/rclcpp/topic_statistics/subscription_topic_statistics.hpp:31\x1b[m\x1b[K,\n'}
[2.505155] (serial) StderrLine: {'line': b'                 from \x1b[01m\x1b[K/opt/ros/iron/include/rclcpp/rclcpp/subscription.hpp:50\x1b[m\x1b[K,\n'}
[2.505181] (serial) StderrLine: {'line': b'                 from \x1b[01m\x1b[K/opt/ros/iron/include/rclcpp/rclcpp/any_executable.hpp:25\x1b[m\x1b[K,\n'}
[2.505206] (serial) StderrLine: {'line': b'                 from \x1b[01m\x1b[K/opt/ros/iron/include/rclcpp/rclcpp/memory_strategy.hpp:25\x1b[m\x1b[K,\n'}
[2.505230] (serial) StderrLine: {'line': b'                 from \x1b[01m\x1b[K/opt/ros/iron/include/rclcpp/rclcpp/memory_strategies.hpp:18\x1b[m\x1b[K,\n'}
[2.505255] (serial) StderrLine: {'line': b'                 from \x1b[01m\x1b[K/opt/ros/iron/include/rclcpp/rclcpp/executor_options.hpp:20\x1b[m\x1b[K,\n'}
[2.505279] (serial) StderrLine: {'line': b'                 from \x1b[01m\x1b[K/opt/ros/iron/include/rclcpp/rclcpp/executor.hpp:37\x1b[m\x1b[K,\n'}
[2.505303] (serial) StderrLine: {'line': b'                 from \x1b[01m\x1b[K/opt/ros/iron/include/rclcpp/rclcpp/executors/multi_threaded_executor.hpp:25\x1b[m\x1b[K,\n'}
[2.505326] (serial) StderrLine: {'line': b'                 from \x1b[01m\x1b[K/opt/ros/iron/include/rclcpp/rclcpp/executors.hpp:21\x1b[m\x1b[K,\n'}
[2.505349] (serial) StderrLine: {'line': b'                 from \x1b[01m\x1b[K/opt/ros/iron/include/rclcpp/rclcpp/rclcpp.hpp:167\x1b[m\x1b[K,\n'}
[2.505374] (serial) StderrLine: {'line': b'                 from \x1b[01m\x1b[K/home/ozone/robomaster-cv/ros_ws/src/serial/include/serial_spinner.hpp:19\x1b[m\x1b[K,\n'}
[2.505397] (serial) StderrLine: {'line': b'                 from \x1b[01m\x1b[K/home/ozone/robomaster-cv/ros_ws/src/serial/src/serial_spinner.cpp:9\x1b[m\x1b[K:\n'}
[2.505422] (serial) StderrLine: {'line': b'\x1b[01m\x1b[K/opt/ros/iron/include/rclcpp/rclcpp/publisher.hpp:340:3:\x1b[m\x1b[K \x1b[01;36m\x1b[Knote: \x1b[m\x1b[Kcandidate: \xe2\x80\x98\x1b[01m\x1b[Ktemplate<class T> std::enable_if_t<(typename rclcpp::TypeAdapter<MessageT>::is_specialized::value && std::is_same<T, typename rclcpp::TypeAdapter<MessageT>::custom_type>::value)> rclcpp::Publisher<MessageT, AllocatorT>::publish(const T&) [with T = T; MessageT = polystar_msgs::msg::TurretFeedback_<std::allocator<void> >; AllocatorT = std::allocator<void>]\x1b[m\x1b[K\xe2\x80\x99\n'}
[2.505473] (serial) StderrLine: {'line': b'  340 |   \x1b[01;36m\x1b[Kpublish\x1b[m\x1b[K(const T & msg)\n'}
[2.505513] (serial) StderrLine: {'line': b'      |   \x1b[01;36m\x1b[K^~~~~~~\x1b[m\x1b[K\n'}
[2.505543] (serial) StderrLine: {'line': b'\x1b[01m\x1b[K/opt/ros/iron/include/rclcpp/rclcpp/publisher.hpp:340:3:\x1b[m\x1b[K \x1b[01;36m\x1b[Knote: \x1b[m\x1b[K  template argument deduction/substitution failed:\n'}
[2.505571] (serial) StderrLine: {'line': b'\x1b[01m\x1b[K/opt/ros/iron/include/rclcpp/rclcpp/publisher.hpp:359:3:\x1b[m\x1b[K \x1b[01;36m\x1b[Knote: \x1b[m\x1b[Kcandidate: \xe2\x80\x98\x1b[01m\x1b[Kvoid rclcpp::Publisher<MessageT, AllocatorT>::publish(const rcl_serialized_message_t&) [with MessageT = polystar_msgs::msg::TurretFeedback_<std::allocator<void> >; AllocatorT = std::allocator<void>; rcl_serialized_message_t = rcutils_uint8_array_s]\x1b[m\x1b[K\xe2\x80\x99\n'}
[2.505598] (serial) StderrLine: {'line': b'  359 |   \x1b[01;36m\x1b[Kpublish\x1b[m\x1b[K(const rcl_serialized_message_t & serialized_msg)\n'}
[2.505623] (serial) StderrLine: {'line': b'      |   \x1b[01;36m\x1b[K^~~~~~~\x1b[m\x1b[K\n'}
[2.505647] (serial) StderrLine: {'line': b'\x1b[01m\x1b[K/opt/ros/iron/include/rclcpp/rclcpp/publisher.hpp:359:44:\x1b[m\x1b[K \x1b[01;36m\x1b[Knote: \x1b[m\x1b[K  no known conversion for argument 1 from \xe2\x80\x98\x1b[01m\x1b[Kserial::msg::TurretFeedback\x1b[m\x1b[K\xe2\x80\x99 to \xe2\x80\x98\x1b[01m\x1b[Kconst rcl_serialized_message_t&\x1b[m\x1b[K\xe2\x80\x99 {aka \xe2\x80\x98\x1b[01m\x1b[Kconst rcutils_uint8_array_s&\x1b[m\x1b[K\xe2\x80\x99}\n'}
[2.505672] (serial) StderrLine: {'line': b'  359 |   publish(\x1b[01;36m\x1b[Kconst rcl_serialized_message_t & serialized_msg\x1b[m\x1b[K)\n'}
[2.505697] (serial) StderrLine: {'line': b'      |           \x1b[01;36m\x1b[K~~~~~~~~~~~~~~~~~~~~~~~~~~~~~~~~~^~~~~~~~~~~~~~\x1b[m\x1b[K\n'}
[2.505721] (serial) StderrLine: {'line': b'\x1b[01m\x1b[K/opt/ros/iron/include/rclcpp/rclcpp/publisher.hpp:365:3:\x1b[m\x1b[K \x1b[01;36m\x1b[Knote: \x1b[m\x1b[Kcandidate: \xe2\x80\x98\x1b[01m\x1b[Kvoid rclcpp::Publisher<MessageT, AllocatorT>::publish(const rclcpp::SerializedMessage&) [with MessageT = polystar_msgs::msg::TurretFeedback_<std::allocator<void> >; AllocatorT = std::allocator<void>]\x1b[m\x1b[K\xe2\x80\x99\n'}
[2.505748] (serial) StderrLine: {'line': b'  365 |   \x1b[01;36m\x1b[Kpublish\x1b[m\x1b[K(const SerializedMessage & serialized_msg)\n'}
[2.505774] (serial) StderrLine: {'line': b'      |   \x1b[01;36m\x1b[K^~~~~~~\x1b[m\x1b[K\n'}
[2.505796] (serial) StderrLine: {'line': b'\x1b[01m\x1b[K/opt/ros/iron/include/rclcpp/rclcpp/publisher.hpp:365:37:\x1b[m\x1b[K \x1b[01;36m\x1b[Knote: \x1b[m\x1b[K  no known conversion for argument 1 from \xe2\x80\x98\x1b[01m\x1b[Kserial::msg::TurretFeedback\x1b[m\x1b[K\xe2\x80\x99 to \xe2\x80\x98\x1b[01m\x1b[Kconst rclcpp::SerializedMessage&\x1b[m\x1b[K\xe2\x80\x99\n'}
[2.505832] (serial) StderrLine: {'line': b'  365 |   publish(\x1b[01;36m\x1b[Kconst SerializedMessage & serialized_msg\x1b[m\x1b[K)\n'}
[2.505872] (serial) StderrLine: {'line': b'      |           \x1b[01;36m\x1b[K~~~~~~~~~~~~~~~~~~~~~~~~~~^~~~~~~~~~~~~~\x1b[m\x1b[K\n'}
[2.505901] (serial) StderrLine: {'line': b'\x1b[01m\x1b[K/opt/ros/iron/include/rclcpp/rclcpp/publisher.hpp:379:3:\x1b[m\x1b[K \x1b[01;36m\x1b[Knote: \x1b[m\x1b[Kcandidate: \xe2\x80\x98\x1b[01m\x1b[Kvoid rclcpp::Publisher<MessageT, AllocatorT>::publish(rclcpp::LoanedMessage<typename rclcpp::TypeAdapter<MessageT>::ros_message_type, AllocatorT>&&) [with MessageT = polystar_msgs::msg::TurretFeedback_<std::allocator<void> >; AllocatorT = std::allocator<void>; typename rclcpp::TypeAdapter<MessageT>::ros_message_type = polystar_msgs::msg::TurretFeedback_<std::allocator<void> >]\x1b[m\x1b[K\xe2\x80\x99\n'}
[2.505929] (serial) StderrLine: {'line': b'  379 |   \x1b[01;36m\x1b[Kpublish\x1b[m\x1b[K(rclcpp::LoanedMessage<ROSMessageType, AllocatorT> && loaned_msg)\n'}
[2.505954] (serial) StderrLine: {'line': b'      |   \x1b[01;36m\x1b[K^~~~~~~\x1b[m\x1b[K\n'}
[2.505979] (serial) StderrLine: {'line': b'\x1b[01m\x1b[K/opt/ros/iron/include/rclcpp/rclcpp/publisher.hpp:379:64:\x1b[m\x1b[K \x1b[01;36m\x1b[Knote: \x1b[m\x1b[K  no known conversion for argument 1 from \xe2\x80\x98\x1b[01m\x1b[Kserial::msg::TurretFeedback\x1b[m\x1b[K\xe2\x80\x99 to \xe2\x80\x98\x1b[01m\x1b[Krclcpp::LoanedMessage<polystar_msgs::msg::TurretFeedback_<std::allocator<void> >, std::allocator<void> >&&\x1b[m\x1b[K\xe2\x80\x99\n'}
[2.506005] (serial) StderrLine: {'line': b'  379 |   publish(\x1b[01;36m\x1b[Krclcpp::LoanedMessage<ROSMessageType, AllocatorT> && loaned_msg\x1b[m\x1b[K)\n'}
[2.506031] (serial) StderrLine: {'line': b'      |           \x1b[01;36m\x1b[K~~~~~~~~~~~~~~~~~~~~~~~~~~~~~~~~~~~~~~~~~~~~~~~~~~~~~^~~~~~~~~~\x1b[m\x1b[K\n'}
[2.506056] (serial) StderrLine: {'line': b'\x1b[01m\x1b[K/home/ozone/robomaster-cv/ros_ws/src/serial/src/serial_spinner.cpp:\x1b[m\x1b[K In member function \xe2\x80\x98\x1b[01m\x1b[Kvoid SerialSpinner::handleMessage(const T&) [with T = serial::msg::PositionFeedback]\x1b[m\x1b[K\xe2\x80\x99:\n'}
[2.506082] (serial) StderrLine: {'line': b'\x1b[01m\x1b[K/home/ozone/robomaster-cv/ros_ws/src/serial/src/serial_spinner.cpp:228:9:\x1b[m\x1b[K \x1b[01;31m\x1b[Kerror: \x1b[m\x1b[K\xe2\x80\x98\x1b[01m\x1b[Kstruct serial::msg::PositionFeedback\x1b[m\x1b[K\xe2\x80\x99 has no member named \xe2\x80\x98\x1b[01m\x1b[Kstamp\x1b[m\x1b[K\xe2\x80\x99\n'}
[2.506120] (serial) StderrLine: {'line': b'  228 |     msg.\x1b[01;31m\x1b[Kstamp\x1b[m\x1b[K = rclcpp::Time::now();\n'}
[2.506146] (serial) StderrLine: {'line': b'      |         \x1b[01;31m\x1b[K^~~~~\x1b[m\x1b[K\n'}
[2.506171] (serial) StderrLine: {'line': b'\x1b[01m\x1b[K/home/ozone/robomaster-cv/ros_ws/src/serial/src/serial_spinner.cpp:228:31:\x1b[m\x1b[K \x1b[01;31m\x1b[Kerror: \x1b[m\x1b[K\xe2\x80\x98\x1b[01m\x1b[Know\x1b[m\x1b[K\xe2\x80\x99 is not a member of \xe2\x80\x98\x1b[01m\x1b[Krclcpp::Time\x1b[m\x1b[K\xe2\x80\x99\n'}
[2.506196] (serial) StderrLine: {'line': b'  228 |     msg.stamp = rclcpp::Time::\x1b[01;31m\x1b[Know\x1b[m\x1b[K();\n'}
[2.506219] (serial) StderrLine: {'line': b'      |                               \x1b[01;31m\x1b[K^~~\x1b[m\x1b[K\n'}
[2.506244] (serial) StderrLine: {'line': b'\x1b[01m\x1b[K/home/ozone/robomaster-cv/ros_ws/src/serial/src/serial_spinner.cpp:252:25:\x1b[m\x1b[K \x1b[01;31m\x1b[Kerror: \x1b[m\x1b[Kno matching function for call to \xe2\x80\x98\x1b[01m\x1b[Krclcpp::Publisher<polystar_msgs::msg::PositionFeedback_<std::allocator<void> > >::publish(serial::msg::PositionFeedback&)\x1b[m\x1b[K\xe2\x80\x99\n'}
[2.506271] (serial) StderrLine: {'line': b'  252 |     \x1b[01;31m\x1b[Kpub_position.publish(msg)\x1b[m\x1b[K;\n'}
[2.506304] (serial) StderrLine: {'line': b'      |     \x1b[01;31m\x1b[K~~~~~~~~~~~~~~~~~~~~^~~~~\x1b[m\x1b[K\n'}
[2.506346] (serial) StderrLine: {'line': b'In file included from \x1b[01m\x1b[K/opt/ros/iron/include/rclcpp/rclcpp/topic_statistics/subscription_topic_statistics.hpp:31\x1b[m\x1b[K,\n'}
[2.506384] (serial) StderrLine: {'line': b'                 from \x1b[01m\x1b[K/opt/ros/iron/include/rclcpp/rclcpp/subscription.hpp:50\x1b[m\x1b[K,\n'}
[2.506410] (serial) StderrLine: {'line': b'                 from \x1b[01m\x1b[K/opt/ros/iron/include/rclcpp/rclcpp/any_executable.hpp:25\x1b[m\x1b[K,\n'}
[2.506435] (serial) StderrLine: {'line': b'                 from \x1b[01m\x1b[K/opt/ros/iron/include/rclcpp/rclcpp/memory_strategy.hpp:25\x1b[m\x1b[K,\n'}
[2.506460] (serial) StderrLine: {'line': b'                 from \x1b[01m\x1b[K/opt/ros/iron/include/rclcpp/rclcpp/memory_strategies.hpp:18\x1b[m\x1b[K,\n'}
[2.506484] (serial) StderrLine: {'line': b'                 from \x1b[01m\x1b[K/opt/ros/iron/include/rclcpp/rclcpp/executor_options.hpp:20\x1b[m\x1b[K,\n'}
[2.506509] (serial) StderrLine: {'line': b'                 from \x1b[01m\x1b[K/opt/ros/iron/include/rclcpp/rclcpp/executor.hpp:37\x1b[m\x1b[K,\n'}
[2.506534] (serial) StderrLine: {'line': b'                 from \x1b[01m\x1b[K/opt/ros/iron/include/rclcpp/rclcpp/executors/multi_threaded_executor.hpp:25\x1b[m\x1b[K,\n'}
[2.506559] (serial) StderrLine: {'line': b'                 from \x1b[01m\x1b[K/opt/ros/iron/include/rclcpp/rclcpp/executors.hpp:21\x1b[m\x1b[K,\n'}
[2.506586] (serial) StderrLine: {'line': b'                 from \x1b[01m\x1b[K/opt/ros/iron/include/rclcpp/rclcpp/rclcpp.hpp:167\x1b[m\x1b[K,\n'}
[2.506622] (serial) StderrLine: {'line': b'                 from \x1b[01m\x1b[K/home/ozone/robomaster-cv/ros_ws/src/serial/include/serial_spinner.hpp:19\x1b[m\x1b[K,\n'}
[2.506648] (serial) StderrLine: {'line': b'                 from \x1b[01m\x1b[K/home/ozone/robomaster-cv/ros_ws/src/serial/src/serial_spinner.cpp:9\x1b[m\x1b[K:\n'}
[2.506678] (serial) StderrLine: {'line': b'\x1b[01m\x1b[K/opt/ros/iron/include/rclcpp/rclcpp/publisher.hpp:227:3:\x1b[m\x1b[K \x1b[01;36m\x1b[Knote: \x1b[m\x1b[Kcandidate: \xe2\x80\x98\x1b[01m\x1b[Ktemplate<class T> std::enable_if_t<(rosidl_generator_traits::is_message<T>::value && std::is_same<T, typename rclcpp::TypeAdapter<MessageT>::ros_message_type>::value)> rclcpp::Publisher<MessageT, AllocatorT>::publish(std::unique_ptr<T, typename std::conditional<std::is_same<typename std::allocator_traits<typename std::allocator_traits<_Allocator>::rebind_traits<typename rclcpp::TypeAdapter<MessageT, void, void>::ros_message_type>::allocator_type>::rebind_alloc<typename rclcpp::TypeAdapter<MessageT, void, void>::ros_message_type>, std::allocator<typename rclcpp::TypeAdapter<MessageT>::ros_message_type> >::value, std::default_delete<typename rclcpp::TypeAdapter<MessageT>::ros_message_type>, rclcpp::allocator::AllocatorDeleter<typename std::allocator_traits<_Allocator>::rebind_traits<typename rclcpp::TypeAdapter<MessageT, void, void>::ros_message_type>::allocator_type> >::type>) [with T = T; MessageT = polystar_msgs::msg::PositionFeedback_<std::allocator<void> >; AllocatorT = std::allocator<void>]\x1b[m\x1b[K\xe2\x80\x99\n'}
[2.506717] (serial) StderrLine: {'line': b'  227 |   \x1b[01;36m\x1b[Kpublish\x1b[m\x1b[K(std::unique_ptr<T, ROSMessageTypeDeleter> msg)\n'}
[2.506742] (serial) StderrLine: {'line': b'      |   \x1b[01;36m\x1b[K^~~~~~~\x1b[m\x1b[K\n'}
[2.506766] (serial) StderrLine: {'line': b'\x1b[01m\x1b[K/opt/ros/iron/include/rclcpp/rclcpp/publisher.hpp:227:3:\x1b[m\x1b[K \x1b[01;36m\x1b[Knote: \x1b[m\x1b[K  template argument deduction/substitution failed:\n'}
[2.506790] (serial) StderrLine: {'line': b'\x1b[01m\x1b[K/home/ozone/robomaster-cv/ros_ws/src/serial/src/serial_spinner.cpp:252:25:\x1b[m\x1b[K \x1b[01;36m\x1b[Knote: \x1b[m\x1b[K  \xe2\x80\x98\x1b[01m\x1b[Kserial::msg::PositionFeedback\x1b[m\x1b[K\xe2\x80\x99 is not derived from \xe2\x80\x98\x1b[01m\x1b[Kstd::unique_ptr<T, std::default_delete<polystar_msgs::msg::PositionFeedback_<std::allocator<void> > > >\x1b[m\x1b[K\xe2\x80\x99\n'}
[2.506835] (serial) StderrLine: {'line': b'  252 |     \x1b[01;36m\x1b[Kpub_position.publish(msg)\x1b[m\x1b[K;\n'}
[2.506879] (serial) StderrLine: {'line': b'      |     \x1b[01;36m\x1b[K~~~~~~~~~~~~~~~~~~~~^~~~~\x1b[m\x1b[K\n'}
[2.506921] (serial) StderrLine: {'line': b'In file included from \x1b[01m\x1b[K/opt/ros/iron/include/rclcpp/rclcpp/topic_statistics/subscription_topic_statistics.hpp:31\x1b[m\x1b[K,\n'}
[2.506948] (serial) StderrLine: {'line': b'                 from \x1b[01m\x1b[K/opt/ros/iron/include/rclcpp/rclcpp/subscription.hpp:50\x1b[m\x1b[K,\n'}
[2.506987] (serial) StderrLine: {'line': b'                 from \x1b[01m\x1b[K/opt/ros/iron/include/rclcpp/rclcpp/any_executable.hpp:25\x1b[m\x1b[K,\n'}
[2.507016] (serial) StderrLine: {'line': b'                 from \x1b[01m\x1b[K/opt/ros/iron/include/rclcpp/rclcpp/memory_strategy.hpp:25\x1b[m\x1b[K,\n'}
[2.507041] (serial) StderrLine: {'line': b'                 from \x1b[01m\x1b[K/opt/ros/iron/include/rclcpp/rclcpp/memory_strategies.hpp:18\x1b[m\x1b[K,\n'}
[2.507068] (serial) StderrLine: {'line': b'                 from \x1b[01m\x1b[K/opt/ros/iron/include/rclcpp/rclcpp/executor_options.hpp:20\x1b[m\x1b[K,\n'}
[2.507112] (serial) StderrLine: {'line': b'                 from \x1b[01m\x1b[K/opt/ros/iron/include/rclcpp/rclcpp/executor.hpp:37\x1b[m\x1b[K,\n'}
[2.507141] (serial) StderrLine: {'line': b'                 from \x1b[01m\x1b[K/opt/ros/iron/include/rclcpp/rclcpp/executors/multi_threaded_executor.hpp:25\x1b[m\x1b[K,\n'}
[2.507166] (serial) StderrLine: {'line': b'                 from \x1b[01m\x1b[K/opt/ros/iron/include/rclcpp/rclcpp/executors.hpp:21\x1b[m\x1b[K,\n'}
[2.507192] (serial) StderrLine: {'line': b'                 from \x1b[01m\x1b[K/opt/ros/iron/include/rclcpp/rclcpp/rclcpp.hpp:167\x1b[m\x1b[K,\n'}
[2.507217] (serial) StderrLine: {'line': b'                 from \x1b[01m\x1b[K/home/ozone/robomaster-cv/ros_ws/src/serial/include/serial_spinner.hpp:19\x1b[m\x1b[K,\n'}
[2.507241] (serial) StderrLine: {'line': b'                 from \x1b[01m\x1b[K/home/ozone/robomaster-cv/ros_ws/src/serial/src/serial_spinner.cpp:9\x1b[m\x1b[K:\n'}
[2.507264] (serial) StderrLine: {'line': b'\x1b[01m\x1b[K/opt/ros/iron/include/rclcpp/rclcpp/publisher.hpp:268:3:\x1b[m\x1b[K \x1b[01;36m\x1b[Knote: \x1b[m\x1b[Kcandidate: \xe2\x80\x98\x1b[01m\x1b[Ktemplate<class T> std::enable_if_t<(rosidl_generator_traits::is_message<T>::value && std::is_same<T, typename rclcpp::TypeAdapter<MessageT>::ros_message_type>::value)> rclcpp::Publisher<MessageT, AllocatorT>::publish(const T&) [with T = T; MessageT = polystar_msgs::msg::PositionFeedback_<std::allocator<void> >; AllocatorT = std::allocator<void>]\x1b[m\x1b[K\xe2\x80\x99\n'}
[2.507291] (serial) StderrLine: {'line': b'  268 |   \x1b[01;36m\x1b[Kpublish\x1b[m\x1b[K(const T & msg)\n'}
[2.507315] (serial) StderrLine: {'line': b'      |   \x1b[01;36m\x1b[K^~~~~~~\x1b[m\x1b[K\n'}
[2.507338] (serial) StderrLine: {'line': b'\x1b[01m\x1b[K/opt/ros/iron/include/rclcpp/rclcpp/publisher.hpp:268:3:\x1b[m\x1b[K \x1b[01;36m\x1b[Knote: \x1b[m\x1b[K  template argument deduction/substitution failed:\n'}
[2.507363] (serial) StderrLine: {'line': b'\x1b[01m\x1b[K/opt/ros/iron/include/rclcpp/rclcpp/publisher.hpp:298:3:\x1b[m\x1b[K \x1b[01;36m\x1b[Knote: \x1b[m\x1b[Kcandidate: \xe2\x80\x98\x1b[01m\x1b[Ktemplate<class T> std::enable_if_t<(typename rclcpp::TypeAdapter<MessageT>::is_specialized::value && std::is_same<T, typename rclcpp::TypeAdapter<MessageT>::custom_type>::value)> rclcpp::Publisher<MessageT, AllocatorT>::publish(std::unique_ptr<T, typename std::conditional<std::is_same<typename std::allocator_traits<typename std::allocator_traits<_Allocator>::rebind_traits<typename rclcpp::TypeAdapter<MessageT, void, void>::custom_type>::allocator_type>::rebind_alloc<typename rclcpp::TypeAdapter<MessageT, void, void>::custom_type>, std::allocator<typename rclcpp::TypeAdapter<MessageT>::custom_type> >::value, std::default_delete<typename rclcpp::TypeAdapter<MessageT>::custom_type>, rclcpp::allocator::AllocatorDeleter<typename std::allocator_traits<_Allocator>::rebind_traits<typename rclcpp::TypeAdapter<MessageT, void, void>::custom_type>::allocator_type> >::type>) [with T = T; MessageT = polystar_msgs::msg::PositionFeedback_<std::allocator<void> >; AllocatorT = std::allocator<void>]\x1b[m\x1b[K\xe2\x80\x99\n'}
[2.507390] (serial) StderrLine: {'line': b'  298 |   \x1b[01;36m\x1b[Kpublish\x1b[m\x1b[K(std::unique_ptr<T, PublishedTypeDeleter> msg)\n'}
[2.507414] (serial) StderrLine: {'line': b'      |   \x1b[01;36m\x1b[K^~~~~~~\x1b[m\x1b[K\n'}
[2.507438] (serial) StderrLine: {'line': b'\x1b[01m\x1b[K/opt/ros/iron/include/rclcpp/rclcpp/publisher.hpp:298:3:\x1b[m\x1b[K \x1b[01;36m\x1b[Knote: \x1b[m\x1b[K  template argument deduction/substitution failed:\n'}
[2.507462] (serial) StderrLine: {'line': b'\x1b[01m\x1b[K/home/ozone/robomaster-cv/ros_ws/src/serial/src/serial_spinner.cpp:252:25:\x1b[m\x1b[K \x1b[01;36m\x1b[Knote: \x1b[m\x1b[K  \xe2\x80\x98\x1b[01m\x1b[Kserial::msg::PositionFeedback\x1b[m\x1b[K\xe2\x80\x99 is not derived from \xe2\x80\x98\x1b[01m\x1b[Kstd::unique_ptr<T, std::default_delete<polystar_msgs::msg::PositionFeedback_<std::allocator<void> > > >\x1b[m\x1b[K\xe2\x80\x99\n'}
[2.507491] (serial) StderrLine: {'line': b'  252 |     \x1b[01;36m\x1b[Kpub_position.publish(msg)\x1b[m\x1b[K;\n'}
[2.507532] (serial) StderrLine: {'line': b'      |     \x1b[01;36m\x1b[K~~~~~~~~~~~~~~~~~~~~^~~~~\x1b[m\x1b[K\n'}
[2.507581] (serial) StderrLine: {'line': b'In file included from \x1b[01m\x1b[K/opt/ros/iron/include/rclcpp/rclcpp/topic_statistics/subscription_topic_statistics.hpp:31\x1b[m\x1b[K,\n'}
[2.507626] (serial) StderrLine: {'line': b'                 from \x1b[01m\x1b[K/opt/ros/iron/include/rclcpp/rclcpp/subscription.hpp:50\x1b[m\x1b[K,\n'}
[2.507667] (serial) StderrLine: {'line': b'                 from \x1b[01m\x1b[K/opt/ros/iron/include/rclcpp/rclcpp/any_executable.hpp:25\x1b[m\x1b[K,\n'}
[2.507717] (serial) StderrLine: {'line': b'                 from \x1b[01m\x1b[K/opt/ros/iron/include/rclcpp/rclcpp/memory_strategy.hpp:25\x1b[m\x1b[K,\n'}
[2.507754] (serial) StderrLine: {'line': b'                 from \x1b[01m\x1b[K/opt/ros/iron/include/rclcpp/rclcpp/memory_strategies.hpp:18\x1b[m\x1b[K,\n'}
[2.507781] (serial) StderrLine: {'line': b'                 from \x1b[01m\x1b[K/opt/ros/iron/include/rclcpp/rclcpp/executor_options.hpp:20\x1b[m\x1b[K,\n'}
[2.507809] (serial) StderrLine: {'line': b'                 from \x1b[01m\x1b[K/opt/ros/iron/include/rclcpp/rclcpp/executor.hpp:37\x1b[m\x1b[K,\n'}
[2.507835] (serial) StderrLine: {'line': b'                 from \x1b[01m\x1b[K/opt/ros/iron/include/rclcpp/rclcpp/executors/multi_threaded_executor.hpp:25\x1b[m\x1b[K,\n'}
[2.507861] (serial) StderrLine: {'line': b'                 from \x1b[01m\x1b[K/opt/ros/iron/include/rclcpp/rclcpp/executors.hpp:21\x1b[m\x1b[K,\n'}
[2.507886] (serial) StderrLine: {'line': b'                 from \x1b[01m\x1b[K/opt/ros/iron/include/rclcpp/rclcpp/rclcpp.hpp:167\x1b[m\x1b[K,\n'}
[2.507910] (serial) StderrLine: {'line': b'                 from \x1b[01m\x1b[K/home/ozone/robomaster-cv/ros_ws/src/serial/include/serial_spinner.hpp:19\x1b[m\x1b[K,\n'}
[2.507936] (serial) StderrLine: {'line': b'                 from \x1b[01m\x1b[K/home/ozone/robomaster-cv/ros_ws/src/serial/src/serial_spinner.cpp:9\x1b[m\x1b[K:\n'}
[2.507960] (serial) StderrLine: {'line': b'\x1b[01m\x1b[K/opt/ros/iron/include/rclcpp/rclcpp/publisher.hpp:340:3:\x1b[m\x1b[K \x1b[01;36m\x1b[Knote: \x1b[m\x1b[Kcandidate: \xe2\x80\x98\x1b[01m\x1b[Ktemplate<class T> std::enable_if_t<(typename rclcpp::TypeAdapter<MessageT>::is_specialized::value && std::is_same<T, typename rclcpp::TypeAdapter<MessageT>::custom_type>::value)> rclcpp::Publisher<MessageT, AllocatorT>::publish(const T&) [with T = T; MessageT = polystar_msgs::msg::PositionFeedback_<std::allocator<void> >; AllocatorT = std::allocator<void>]\x1b[m\x1b[K\xe2\x80\x99\n'}
[2.507989] (serial) StderrLine: {'line': b'  340 |   \x1b[01;36m\x1b[Kpublish\x1b[m\x1b[K(const T & msg)\n'}
[2.508013] (serial) StderrLine: {'line': b'      |   \x1b[01;36m\x1b[K^~~~~~~\x1b[m\x1b[K\n'}
[2.508084] (serial) StderrLine: {'line': b'\x1b[01m\x1b[K/opt/ros/iron/include/rclcpp/rclcpp/publisher.hpp:340:3:\x1b[m\x1b[K \x1b[01;36m\x1b[Knote: \x1b[m\x1b[K  template argument deduction/substitution failed:\n'}
[2.508156] (serial) StderrLine: {'line': b'\x1b[01m\x1b[K/opt/ros/iron/include/rclcpp/rclcpp/publisher.hpp:359:3:\x1b[m\x1b[K \x1b[01;36m\x1b[Knote: \x1b[m\x1b[Kcandidate: \xe2\x80\x98\x1b[01m\x1b[Kvoid rclcpp::Publisher<MessageT, AllocatorT>::publish(const rcl_serialized_message_t&) [with MessageT = polystar_msgs::msg::PositionFeedback_<std::allocator<void> >; AllocatorT = std::allocator<void>; rcl_serialized_message_t = rcutils_uint8_array_s]\x1b[m\x1b[K\xe2\x80\x99\n'}
[2.508248] (serial) StderrLine: {'line': b'  359 |   \x1b[01;36m\x1b[Kpublish\x1b[m\x1b[K(const rcl_serialized_message_t & serialized_msg)\n'}
[2.508346] (serial) StderrLine: {'line': b'      |   \x1b[01;36m\x1b[K^~~~~~~\x1b[m\x1b[K\n'}
[2.508440] (serial) StderrLine: {'line': b'\x1b[01m\x1b[K/opt/ros/iron/include/rclcpp/rclcpp/publisher.hpp:359:44:\x1b[m\x1b[K \x1b[01;36m\x1b[Knote: \x1b[m\x1b[K  no known conversion for argument 1 from \xe2\x80\x98\x1b[01m\x1b[Kserial::msg::PositionFeedback\x1b[m\x1b[K\xe2\x80\x99 to \xe2\x80\x98\x1b[01m\x1b[Kconst rcl_serialized_message_t&\x1b[m\x1b[K\xe2\x80\x99 {aka \xe2\x80\x98\x1b[01m\x1b[Kconst rcutils_uint8_array_s&\x1b[m\x1b[K\xe2\x80\x99}\n'}
[2.508530] (serial) StderrLine: {'line': b'  359 |   publish(\x1b[01;36m\x1b[Kconst rcl_serialized_message_t & serialized_msg\x1b[m\x1b[K)\n'}
[2.508619] (serial) StderrLine: {'line': b'      |           \x1b[01;36m\x1b[K~~~~~~~~~~~~~~~~~~~~~~~~~~~~~~~~~^~~~~~~~~~~~~~\x1b[m\x1b[K\n'}
[2.508675] (serial) StderrLine: {'line': b'\x1b[01m\x1b[K/opt/ros/iron/include/rclcpp/rclcpp/publisher.hpp:365:3:\x1b[m\x1b[K \x1b[01;36m\x1b[Knote: \x1b[m\x1b[Kcandidate: \xe2\x80\x98\x1b[01m\x1b[Kvoid rclcpp::Publisher<MessageT, AllocatorT>::publish(const rclcpp::SerializedMessage&) [with MessageT = polystar_msgs::msg::PositionFeedback_<std::allocator<void> >; AllocatorT = std::allocator<void>]\x1b[m\x1b[K\xe2\x80\x99\n'}
[2.508757] (serial) StderrLine: {'line': b'  365 |   \x1b[01;36m\x1b[Kpublish\x1b[m\x1b[K(const SerializedMessage & serialized_msg)\n'}
[2.508837] (serial) StderrLine: {'line': b'      |   \x1b[01;36m\x1b[K^~~~~~~\x1b[m\x1b[K\n'}
[2.508897] (serial) StderrLine: {'line': b'\x1b[01m\x1b[K/opt/ros/iron/include/rclcpp/rclcpp/publisher.hpp:365:37:\x1b[m\x1b[K \x1b[01;36m\x1b[Knote: \x1b[m\x1b[K  no known conversion for argument 1 from \xe2\x80\x98\x1b[01m\x1b[Kserial::msg::PositionFeedback\x1b[m\x1b[K\xe2\x80\x99 to \xe2\x80\x98\x1b[01m\x1b[Kconst rclcpp::SerializedMessage&\x1b[m\x1b[K\xe2\x80\x99\n'}
[2.508984] (serial) StderrLine: {'line': b'  365 |   publish(\x1b[01;36m\x1b[Kconst SerializedMessage & serialized_msg\x1b[m\x1b[K)\n'}
[2.509076] (serial) StderrLine: {'line': b'      |           \x1b[01;36m\x1b[K~~~~~~~~~~~~~~~~~~~~~~~~~~^~~~~~~~~~~~~~\x1b[m\x1b[K\n'}
[2.509229] (serial) StderrLine: {'line': b'\x1b[01m\x1b[K/opt/ros/iron/include/rclcpp/rclcpp/publisher.hpp:379:3:\x1b[m\x1b[K \x1b[01;36m\x1b[Knote: \x1b[m\x1b[Kcandidate: \xe2\x80\x98\x1b[01m\x1b[Kvoid rclcpp::Publisher<MessageT, AllocatorT>::publish(rclcpp::LoanedMessage<typename rclcpp::TypeAdapter<MessageT>::ros_message_type, AllocatorT>&&) [with MessageT = polystar_msgs::msg::PositionFeedback_<std::allocator<void> >; AllocatorT = std::allocator<void>; typename rclcpp::TypeAdapter<MessageT>::ros_message_type = polystar_msgs::msg::PositionFeedback_<std::allocator<void> >]\x1b[m\x1b[K\xe2\x80\x99\n'}
[2.509297] (serial) StderrLine: {'line': b'  379 |   \x1b[01;36m\x1b[Kpublish\x1b[m\x1b[K(rclcpp::LoanedMessage<ROSMessageType, AllocatorT> && loaned_msg)\n'}
[2.509329] (serial) StderrLine: {'line': b'      |   \x1b[01;36m\x1b[K^~~~~~~\x1b[m\x1b[K\n'}
[2.509355] (serial) StderrLine: {'line': b'\x1b[01m\x1b[K/opt/ros/iron/include/rclcpp/rclcpp/publisher.hpp:379:64:\x1b[m\x1b[K \x1b[01;36m\x1b[Knote: \x1b[m\x1b[K  no known conversion for argument 1 from \xe2\x80\x98\x1b[01m\x1b[Kserial::msg::PositionFeedback\x1b[m\x1b[K\xe2\x80\x99 to \xe2\x80\x98\x1b[01m\x1b[Krclcpp::LoanedMessage<polystar_msgs::msg::PositionFeedback_<std::allocator<void> >, std::allocator<void> >&&\x1b[m\x1b[K\xe2\x80\x99\n'}
[2.509400] (serial) StderrLine: {'line': b'  379 |   publish(\x1b[01;36m\x1b[Krclcpp::LoanedMessage<ROSMessageType, AllocatorT> && loaned_msg\x1b[m\x1b[K)\n'}
[2.509428] (serial) StderrLine: {'line': b'      |           \x1b[01;36m\x1b[K~~~~~~~~~~~~~~~~~~~~~~~~~~~~~~~~~~~~~~~~~~~~~~~~~~~~~^~~~~~~~~~\x1b[m\x1b[K\n'}
[2.509453] (serial) StderrLine: {'line': b'\x1b[01m\x1b[K/home/ozone/robomaster-cv/ros_ws/src/serial/src/serial_spinner.cpp:\x1b[m\x1b[K In member function \xe2\x80\x98\x1b[01m\x1b[Kvoid SerialSpinner::handleSerial()\x1b[m\x1b[K\xe2\x80\x99:\n'}
[2.509478] (serial) StderrLine: {'line': b'\x1b[01m\x1b[K/home/ozone/robomaster-cv/ros_ws/src/serial/src/serial_spinner.cpp:268:9:\x1b[m\x1b[K \x1b[01;31m\x1b[Kerror: \x1b[m\x1b[K\xe2\x80\x98\x1b[01m\x1b[KROS_WARN\x1b[m\x1b[K\xe2\x80\x99 was not declared in this scope\n'}
[2.509506] (serial) StderrLine: {'line': b'  268 |         \x1b[01;31m\x1b[KROS_WARN\x1b[m\x1b[K("Start frame not recognized, scanning command");\n'}
[2.509530] (serial) StderrLine: {'line': b'      |         \x1b[01;31m\x1b[K^~~~~~~~\x1b[m\x1b[K\n'}
[2.509555] (serial) StderrLine: {'line': b'\x1b[01m\x1b[K/home/ozone/robomaster-cv/ros_ws/src/serial/src/serial_spinner.cpp:286:9:\x1b[m\x1b[K \x1b[01;31m\x1b[Kerror: \x1b[m\x1b[K\xe2\x80\x98\x1b[01m\x1b[KROS_ERROR\x1b[m\x1b[K\xe2\x80\x99 was not declared in this scope\n'}
[2.509583] (serial) StderrLine: {'line': b'  286 |         \x1b[01;31m\x1b[KROS_ERROR\x1b[m\x1b[K("Incomplete read on input payload");\n'}
[2.509610] (serial) StderrLine: {'line': b'      |         \x1b[01;31m\x1b[K^~~~~~~~~\x1b[m\x1b[K\n'}
[2.512829] (serial) StderrLine: {'line': b'\x1b[01m\x1b[K/home/ozone/robomaster-cv/ros_ws/src/serial/src/serial_spinner.cpp:307:9:\x1b[m\x1b[K \x1b[01;31m\x1b[Kerror: \x1b[m\x1b[K\xe2\x80\x98\x1b[01m\x1b[KROS_ERROR\x1b[m\x1b[K\xe2\x80\x99 was not declared in this scope\n'}
[2.512916] (serial) StderrLine: {'line': b'  307 |         \x1b[01;31m\x1b[KROS_ERROR\x1b[m\x1b[K("Unknown message type %d", message.header.cmd_id);\n'}
[2.512961] (serial) StderrLine: {'line': b'      |         \x1b[01;31m\x1b[K^~~~~~~~~\x1b[m\x1b[K\n'}
[2.513251] (serial) StderrLine: {'line': b'\x1b[01m\x1b[K/home/ozone/robomaster-cv/ros_ws/src/serial/src/serial_spinner.cpp:\x1b[m\x1b[K At global scope:\n'}
[2.513315] (serial) StderrLine: {'line': b'\x1b[01m\x1b[K/home/ozone/robomaster-cv/ros_ws/src/serial/src/serial_spinner.cpp:312:1:\x1b[m\x1b[K \x1b[01;31m\x1b[Kerror: \x1b[m\x1b[Kno declaration matches \xe2\x80\x98\x1b[01m\x1b[Kserial::msg::IncomingMessage SerialSpinner::deseralizeMessage(const std::vector<unsigned char, std::allocator<unsigned char> >&)\x1b[m\x1b[K\xe2\x80\x99\n'}
[2.513347] (serial) StderrLine: {'line': b'  312 | \x1b[01;31m\x1b[KSerialSpinner\x1b[m\x1b[K::deseralizeMessage(const std::vector<uint8_t>& buffer) {\n'}
[2.513375] (serial) StderrLine: {'line': b'      | \x1b[01;31m\x1b[K^~~~~~~~~~~~~\x1b[m\x1b[K\n'}
[2.513437] (serial) StderrLine: {'line': b'\x1b[01m\x1b[K/home/ozone/robomaster-cv/ros_ws/src/serial/src/serial_spinner.cpp:312:1:\x1b[m\x1b[K \x1b[01;36m\x1b[Knote: \x1b[m\x1b[Kno functions named \xe2\x80\x98\x1b[01m\x1b[Kserial::msg::IncomingMessage SerialSpinner::deseralizeMessage(const std::vector<unsigned char, std::allocator<unsigned char> >&)\x1b[m\x1b[K\xe2\x80\x99\n'}
[2.513475] (serial) StderrLine: {'line': b'In file included from \x1b[01m\x1b[K/home/ozone/robomaster-cv/ros_ws/src/serial/src/serial_spinner.cpp:9\x1b[m\x1b[K:\n'}
[2.513503] (serial) StderrLine: {'line': b'\x1b[01m\x1b[K/home/ozone/robomaster-cv/ros_ws/src/serial/include/serial_spinner.hpp:28:7:\x1b[m\x1b[K \x1b[01;36m\x1b[Knote: \x1b[m\x1b[K\xe2\x80\x98\x1b[01m\x1b[Kclass SerialSpinner\x1b[m\x1b[K\xe2\x80\x99 defined here\n'}
[2.513544] (serial) StderrLine: {'line': b'   28 | class \x1b[01;36m\x1b[KSerialSpinner\x1b[m\x1b[K : public rclcpp::Node {\n'}
[2.513605] (serial) StderrLine: {'line': b'      |       \x1b[01;36m\x1b[K^~~~~~~~~~~~~\x1b[m\x1b[K\n'}
[2.513675] (serial) StderrLine: {'line': b'\x1b[01m\x1b[K/home/ozone/robomaster-cv/ros_ws/src/serial/src/serial_spinner.cpp:338:50:\x1b[m\x1b[K \x1b[01;31m\x1b[Kerror: \x1b[m\x1b[K\xe2\x80\x98\x1b[01m\x1b[KTargetConstPtr\x1b[m\x1b[K\xe2\x80\x99 in namespace \xe2\x80\x98\x1b[01m\x1b[Kserial\x1b[m\x1b[K\xe2\x80\x99 does not name a type\n'}
[2.513755] (serial) StderrLine: {'line': b'  338 | void SerialSpinner::callbackTarget(const serial::\x1b[01;31m\x1b[KTargetConstPtr\x1b[m\x1b[K& target) {\n'}
[2.513842] (serial) StderrLine: {'line': b'      |                                                  \x1b[01;31m\x1b[K^~~~~~~~~~~~~~\x1b[m\x1b[K\n'}
[2.514027] (serial) StderrLine: {'line': b'\x1b[01m\x1b[K/home/ozone/robomaster-cv/ros_ws/src/serial/src/serial_spinner.cpp:\x1b[m\x1b[K In member function \xe2\x80\x98\x1b[01m\x1b[Kvoid SerialSpinner::callbackTarget(const int&)\x1b[m\x1b[K\xe2\x80\x99:\n'}
[2.514088] (serial) StderrLine: {'line': b'\x1b[01m\x1b[K/home/ozone/robomaster-cv/ros_ws/src/serial/src/serial_spinner.cpp:344:23:\x1b[m\x1b[K \x1b[01;31m\x1b[Kerror: \x1b[m\x1b[Kbase operand of \xe2\x80\x98\x1b[01m\x1b[K->\x1b[m\x1b[K\xe2\x80\x99 is not a pointer\n'}
[2.514121] (serial) StderrLine: {'line': b'  344 |     msg.pitch = target\x1b[01;31m\x1b[K->\x1b[m\x1b[Ktheta;\n'}
[2.514181] (serial) StderrLine: {'line': b'      |                       \x1b[01;31m\x1b[K^~\x1b[m\x1b[K\n'}
[2.514291] (serial) StderrLine: {'line': b'\x1b[01m\x1b[K/home/ozone/robomaster-cv/ros_ws/src/serial/src/serial_spinner.cpp:345:21:\x1b[m\x1b[K \x1b[01;31m\x1b[Kerror: \x1b[m\x1b[Kbase operand of \xe2\x80\x98\x1b[01m\x1b[K->\x1b[m\x1b[K\xe2\x80\x99 is not a pointer\n'}
[2.514378] (serial) StderrLine: {'line': b'  345 |     msg.yaw = target\x1b[01;31m\x1b[K->\x1b[m\x1b[Kphi;\n'}
[2.514539] (serial) StderrLine: {'line': b'      |                     \x1b[01;31m\x1b[K^~\x1b[m\x1b[K\n'}
[2.514593] (serial) StderrLine: {'line': b'\x1b[01m\x1b[K/home/ozone/robomaster-cv/ros_ws/src/serial/src/serial_spinner.cpp:\x1b[m\x1b[K At global scope:\n'}
[2.514621] (serial) StderrLine: {'line': b'\x1b[01m\x1b[K/home/ozone/robomaster-cv/ros_ws/src/serial/src/serial_spinner.cpp:352:52:\x1b[m\x1b[K \x1b[01;31m\x1b[Kerror: \x1b[m\x1b[K\xe2\x80\x98\x1b[01m\x1b[KMovementConstPtr\x1b[m\x1b[K\xe2\x80\x99 in namespace \xe2\x80\x98\x1b[01m\x1b[Kserial\x1b[m\x1b[K\xe2\x80\x99 does not name a type\n'}
[2.514681] (serial) StderrLine: {'line': b'  352 | void SerialSpinner::callbackMovement(const serial::\x1b[01;31m\x1b[KMovementConstPtr\x1b[m\x1b[K& move) {\n'}
[2.514709] (serial) StderrLine: {'line': b'      |                                                    \x1b[01;31m\x1b[K^~~~~~~~~~~~~~~~\x1b[m\x1b[K\n'}
[2.514734] (serial) StderrLine: {'line': b'\x1b[01m\x1b[K/home/ozone/robomaster-cv/ros_ws/src/serial/src/serial_spinner.cpp:\x1b[m\x1b[K In member function \xe2\x80\x98\x1b[01m\x1b[Kvoid SerialSpinner::callbackMovement(const int&)\x1b[m\x1b[K\xe2\x80\x99:\n'}
[2.514760] (serial) StderrLine: {'line': b'\x1b[01m\x1b[K/home/ozone/robomaster-cv/ros_ws/src/serial/src/serial_spinner.cpp:358:39:\x1b[m\x1b[K \x1b[01;31m\x1b[Kerror: \x1b[m\x1b[Kbase operand of \xe2\x80\x98\x1b[01m\x1b[K->\x1b[m\x1b[K\xe2\x80\x99 is not a pointer\n'}
[2.514796] (serial) StderrLine: {'line': b'  358 |     msg.v_x = utils::toMillimeter(move\x1b[01;31m\x1b[K->\x1b[m\x1b[Kv_x);\n'}
[2.514827] (serial) StderrLine: {'line': b'      |                                       \x1b[01;31m\x1b[K^~\x1b[m\x1b[K\n'}
[2.514868] (serial) StderrLine: {'line': b'\x1b[01m\x1b[K/home/ozone/robomaster-cv/ros_ws/src/serial/src/serial_spinner.cpp:359:39:\x1b[m\x1b[K \x1b[01;31m\x1b[Kerror: \x1b[m\x1b[Kbase operand of \xe2\x80\x98\x1b[01m\x1b[K->\x1b[m\x1b[K\xe2\x80\x99 is not a pointer\n'}
[2.514899] (serial) StderrLine: {'line': b'  359 |     msg.v_y = utils::toMillimeter(move\x1b[01;31m\x1b[K->\x1b[m\x1b[Kv_y);\n'}
[2.514922] (serial) StderrLine: {'line': b'      |                                       \x1b[01;31m\x1b[K^~\x1b[m\x1b[K\n'}
[2.514947] (serial) StderrLine: {'line': b'\x1b[01m\x1b[K/home/ozone/robomaster-cv/ros_ws/src/serial/src/serial_spinner.cpp:360:43:\x1b[m\x1b[K \x1b[01;31m\x1b[Kerror: \x1b[m\x1b[Kbase operand of \xe2\x80\x98\x1b[01m\x1b[K->\x1b[m\x1b[K\xe2\x80\x99 is not a pointer\n'}
[2.514971] (serial) StderrLine: {'line': b'  360 |     msg.omega = utils::toAngularSpeed(move\x1b[01;31m\x1b[K->\x1b[m\x1b[Komega);\n'}
[2.514995] (serial) StderrLine: {'line': b'      |                                           \x1b[01;31m\x1b[K^~\x1b[m\x1b[K\n'}
[2.515034] (serial) StderrLine: {'line': b'\x1b[01m\x1b[K/home/ozone/robomaster-cv/ros_ws/src/serial/src/serial_spinner.cpp:\x1b[m\x1b[K At global scope:\n'}
[2.515061] (serial) StderrLine: {'line': b'\x1b[01m\x1b[K/home/ozone/robomaster-cv/ros_ws/src/serial/src/serial_spinner.cpp:368:49:\x1b[m\x1b[K \x1b[01;31m\x1b[Kerror: \x1b[m\x1b[K\xe2\x80\x98\x1b[01m\x1b[KShootConstPtr\x1b[m\x1b[K\xe2\x80\x99 in namespace \xe2\x80\x98\x1b[01m\x1b[Kserial\x1b[m\x1b[K\xe2\x80\x99 does not name a type\n'}
[2.515089] (serial) StderrLine: {'line': b'  368 | void SerialSpinner::callbackShoot(const serial::\x1b[01;31m\x1b[KShootConstPtr\x1b[m\x1b[K& shoot) {\n'}
[2.515124] (serial) StderrLine: {'line': b'      |                                                 \x1b[01;31m\x1b[K^~~~~~~~~~~~~\x1b[m\x1b[K\n'}
[2.515150] (serial) StderrLine: {'line': b'\x1b[01m\x1b[K/home/ozone/robomaster-cv/ros_ws/src/serial/src/serial_spinner.cpp:\x1b[m\x1b[K In member function \xe2\x80\x98\x1b[01m\x1b[Kvoid SerialSpinner::callbackShoot(const int&)\x1b[m\x1b[K\xe2\x80\x99:\n'}
[2.515187] (serial) StderrLine: {'line': b'\x1b[01m\x1b[K/home/ozone/robomaster-cv/ros_ws/src/serial/src/serial_spinner.cpp:377:36:\x1b[m\x1b[K \x1b[01;31m\x1b[Kerror: \x1b[m\x1b[Kbase operand of \xe2\x80\x98\x1b[01m\x1b[K->\x1b[m\x1b[K\xe2\x80\x99 is not a pointer\n'}
[2.515232] (serial) StderrLine: {'line': b"  377 |     order.shoot_order.shoot = shoot\x1b[01;31m\x1b[K->\x1b[m\x1b[Kshoot ? '\\xFF' : '\\0';\n"}
[2.515267] (serial) StderrLine: {'line': b'      |                                    \x1b[01;31m\x1b[K^~\x1b[m\x1b[K\n'}
[2.517638] (-) TimerEvent: {}
[2.519210] (serial) StderrLine: {'line': b'\x1b[01m\x1b[K/home/ozone/robomaster-cv/ros_ws/src/serial/src/serial_spinner.cpp:\x1b[m\x1b[K In member function \xe2\x80\x98\x1b[01m\x1b[Kvoid SerialSpinner::sendMessage(const serial::msg::OutgoingMessage&)\x1b[m\x1b[K\xe2\x80\x99:\n'}
[2.519299] (serial) StderrLine: {'line': b'\x1b[01m\x1b[K/home/ozone/robomaster-cv/ros_ws/src/serial/src/serial_spinner.cpp:391:9:\x1b[m\x1b[K \x1b[01;31m\x1b[Kerror: \x1b[m\x1b[K\xe2\x80\x98\x1b[01m\x1b[KROS_ERROR\x1b[m\x1b[K\xe2\x80\x99 was not declared in this scope\n'}
[2.519332] (serial) StderrLine: {'line': b'  391 |         \x1b[01;31m\x1b[KROS_ERROR\x1b[m\x1b[K("Could not write to serial : %s", strerror(errno));\n'}
[2.519360] (serial) StderrLine: {'line': b'      |         \x1b[01;31m\x1b[K^~~~~~~~~\x1b[m\x1b[K\n'}
[2.519385] (serial) StderrLine: {'line': b'\x1b[01m\x1b[K/home/ozone/robomaster-cv/ros_ws/src/serial/src/serial_spinner.cpp:\x1b[m\x1b[K At global scope:\n'}
[2.519464] (serial) StderrLine: {'line': b'\x1b[01m\x1b[K/home/ozone/robomaster-cv/ros_ws/src/serial/src/serial_spinner.cpp:396:1:\x1b[m\x1b[K \x1b[01;31m\x1b[Kerror: \x1b[m\x1b[Kno declaration matches \xe2\x80\x98\x1b[01m\x1b[Kstd::vector<unsigned char, std::allocator<unsigned char> > SerialSpinner::serializeMessage(const serial::msg::OutgoingMessage&)\x1b[m\x1b[K\xe2\x80\x99\n'}
[2.519506] (serial) StderrLine: {'line': b'  396 | \x1b[01;31m\x1b[KSerialSpinner\x1b[m\x1b[K::serializeMessage(const serial::msg::OutgoingMessage& message) {\n'}
[2.519532] (serial) StderrLine: {'line': b'      | \x1b[01;31m\x1b[K^~~~~~~~~~~~~\x1b[m\x1b[K\n'}
[2.519556] (serial) StderrLine: {'line': b'In file included from \x1b[01m\x1b[K/home/ozone/robomaster-cv/ros_ws/src/serial/src/serial_spinner.cpp:9\x1b[m\x1b[K:\n'}
[2.519590] (serial) StderrLine: {'line': b'\x1b[01m\x1b[K/home/ozone/robomaster-cv/ros_ws/src/serial/include/serial_spinner.hpp:65:5:\x1b[m\x1b[K \x1b[01;36m\x1b[Knote: \x1b[m\x1b[Kcandidate is: \xe2\x80\x98\x1b[01m\x1b[Kstatic std::vector<unsigned char, std::allocator<unsigned char> > SerialSpinner::serializeMessage(const int&)\x1b[m\x1b[K\xe2\x80\x99\n'}
[2.519618] (serial) StderrLine: {'line': b'   65 |     \x1b[01;36m\x1b[KserializeMessage\x1b[m\x1b[K(const polystar_msgs::msg::OutgoingMessage& message);\n'}
[2.519642] (serial) StderrLine: {'line': b'      |     \x1b[01;36m\x1b[K^~~~~~~~~~~~~~~~\x1b[m\x1b[K\n'}
[2.519667] (serial) StderrLine: {'line': b'\x1b[01m\x1b[K/home/ozone/robomaster-cv/ros_ws/src/serial/include/serial_spinner.hpp:28:7:\x1b[m\x1b[K \x1b[01;36m\x1b[Knote: \x1b[m\x1b[K\xe2\x80\x98\x1b[01m\x1b[Kclass SerialSpinner\x1b[m\x1b[K\xe2\x80\x99 defined here\n'}
[2.519691] (serial) StderrLine: {'line': b'   28 | class \x1b[01;36m\x1b[KSerialSpinner\x1b[m\x1b[K : public rclcpp::Node {\n'}
[2.519715] (serial) StderrLine: {'line': b'      |       \x1b[01;36m\x1b[K^~~~~~~~~~~~~\x1b[m\x1b[K\n'}
[2.618700] (-) TimerEvent: {}
[2.719770] (-) TimerEvent: {}
[2.820554] (-) TimerEvent: {}
[2.921670] (-) TimerEvent: {}
[3.022946] (-) TimerEvent: {}
[3.049807] (serial) StderrLine: {'line': b'gmake[2]: *** [CMakeFiles/serial_interface.dir/build.make:90: CMakeFiles/serial_interface.dir/src/serial_interface.cpp.o] Error 1\n'}
[3.049983] (serial) StderrLine: {'line': b'gmake[2]: *** Waiting for unfinished jobs....\n'}
[3.123458] (serial) StderrLine: {'line': b'gmake[2]: *** [CMakeFiles/serial_interface.dir/build.make:76: CMakeFiles/serial_interface.dir/src/serial_spinner.cpp.o] Error 1\n'}
[3.123610] (-) TimerEvent: {}
[3.123701] (serial) StderrLine: {'line': b'gmake[1]: *** [CMakeFiles/Makefile2:137: CMakeFiles/serial_interface.dir/all] Error 2\n'}
[3.123947] (serial) StderrLine: {'line': b'gmake: *** [Makefile:101: all] Error 2\n'}
[3.124882] (serial) CommandEnded: {'returncode': 2}
[3.125173] (serial) JobEnded: {'identifier': 'serial', 'rc': 2}
[3.224832] (-) TimerEvent: {}
[3.327665] (-) TimerEvent: {}
[3.430616] (-) TimerEvent: {}
[3.531136] (-) TimerEvent: {}
[3.632160] (-) TimerEvent: {}
[3.733330] (-) TimerEvent: {}
[3.834640] (-) TimerEvent: {}
[3.936145] (-) TimerEvent: {}
[4.037596] (-) TimerEvent: {}
[4.139110] (-) TimerEvent: {}
[4.239737] (-) TimerEvent: {}
[4.341073] (-) TimerEvent: {}
[4.441755] (-) TimerEvent: {}
[4.542865] (-) TimerEvent: {}
[4.643234] (-) TimerEvent: {}
[4.655128] (detection) StdoutLine: {'line': b'-- Found OpenSSL: /usr/lib/x86_64-linux-gnu/libcrypto.so (found version "3.0.2")  \n'}
[4.743404] (-) TimerEvent: {}
[4.843999] (-) TimerEvent: {}
[4.944954] (-) TimerEvent: {}
[5.045892] (-) TimerEvent: {}
[5.146577] (-) TimerEvent: {}
[5.247286] (-) TimerEvent: {}
[5.348117] (-) TimerEvent: {}
[5.448983] (-) TimerEvent: {}
[5.549831] (-) TimerEvent: {}
[5.650797] (-) TimerEvent: {}
[5.751845] (-) TimerEvent: {}
[5.852923] (-) TimerEvent: {}
[5.953775] (-) TimerEvent: {}
[6.054705] (-) TimerEvent: {}
[6.155382] (-) TimerEvent: {}
[6.255908] (-) TimerEvent: {}
[6.357070] (-) TimerEvent: {}
[6.458142] (-) TimerEvent: {}
[6.559249] (-) TimerEvent: {}
[6.660225] (-) TimerEvent: {}
[6.760896] (-) TimerEvent: {}
[6.861960] (-) TimerEvent: {}
[6.963067] (-) TimerEvent: {}
[7.064043] (-) TimerEvent: {}
[7.165213] (-) TimerEvent: {}
[7.267086] (-) TimerEvent: {}
[7.369074] (-) TimerEvent: {}
[7.470440] (-) TimerEvent: {}
[7.570822] (-) TimerEvent: {}
[7.584957] (detection) StdoutLine: {'line': b'-- Found FastRTPS: /opt/ros/iron/include  \n'}
[7.672490] (-) TimerEvent: {}
[7.774075] (-) TimerEvent: {}
[7.875966] (-) TimerEvent: {}
[7.977280] (-) TimerEvent: {}
[8.079168] (-) TimerEvent: {}
[8.179547] (-) TimerEvent: {}
[8.280526] (-) TimerEvent: {}
[8.381535] (-) TimerEvent: {}
[8.482611] (-) TimerEvent: {}
[8.582949] (-) TimerEvent: {}
[8.683857] (-) TimerEvent: {}
[8.785807] (-) TimerEvent: {}
[8.887655] (-) TimerEvent: {}
[8.988740] (-) TimerEvent: {}
[9.090592] (-) TimerEvent: {}
[9.192632] (-) TimerEvent: {}
[9.294496] (-) TimerEvent: {}
[9.396361] (-) TimerEvent: {}
[9.497116] (-) TimerEvent: {}
[9.598999] (-) TimerEvent: {}
[9.700846] (-) TimerEvent: {}
[9.802807] (-) TimerEvent: {}
[9.904659] (-) TimerEvent: {}
[10.006622] (-) TimerEvent: {}
[10.108483] (-) TimerEvent: {}
[10.210335] (-) TimerEvent: {}
[10.310709] (-) TimerEvent: {}
[10.412641] (-) TimerEvent: {}
[10.514575] (-) TimerEvent: {}
[10.616622] (-) TimerEvent: {}
[10.718494] (-) TimerEvent: {}
[10.820439] (-) TimerEvent: {}
[10.922313] (-) TimerEvent: {}
[11.024304] (-) TimerEvent: {}
[11.126200] (-) TimerEvent: {}
[11.228186] (-) TimerEvent: {}
[11.329510] (-) TimerEvent: {}
[11.430893] (-) TimerEvent: {}
[11.532732] (-) TimerEvent: {}
[11.634569] (-) TimerEvent: {}
[11.736436] (-) TimerEvent: {}
[11.837466] (-) TimerEvent: {}
[11.939316] (-) TimerEvent: {}
[12.040053] (-) TimerEvent: {}
[12.141885] (-) TimerEvent: {}
[12.242186] (-) TimerEvent: {}
[12.342750] (-) TimerEvent: {}
[12.443407] (-) TimerEvent: {}
[12.543986] (-) TimerEvent: {}
[12.644755] (-) TimerEvent: {}
[12.746643] (-) TimerEvent: {}
[12.848496] (-) TimerEvent: {}
[12.950385] (-) TimerEvent: {}
[13.050680] (-) TimerEvent: {}
[13.152016] (-) TimerEvent: {}
[13.158505] (detection) StdoutLine: {'line': b"-- Using RMW implementation 'rmw_fastrtps_cpp' as default\n"}
[13.253724] (-) TimerEvent: {}
[13.285480] (detection) StdoutLine: {'line': b'-- Found rclpy: 4.1.6 (/opt/ros/iron/share/rclpy/cmake)\n'}
[13.287012] (detection) StdoutLine: {'line': b'-- Found std_msgs: 5.0.1 (/opt/ros/iron/share/std_msgs/cmake)\n'}
[13.312609] (detection) StdoutLine: {'line': b'-- Found sensor_msgs: 5.0.1 (/opt/ros/iron/share/sensor_msgs/cmake)\n'}
[13.353997] (-) TimerEvent: {}
[13.413131] (detection) StdoutLine: {'line': b'-- Found rosidl_default_generators: 1.5.0 (/opt/ros/iron/share/rosidl_default_generators/cmake)\n'}
[13.423511] (detection) StdoutLine: {'line': b'-- Found rosidl_adapter: 4.0.1 (/opt/ros/iron/share/rosidl_adapter/cmake)\n'}
[13.429100] (detection) StdoutLine: {'line': b'-- Found cv_bridge: 3.5.0 (/opt/ros/iron/share/cv_bridge/cmake)\n'}
[13.448867] (detection) StdoutLine: {'line': b'-- Found OpenCV: /usr (found version "4.5.4") \n'}
[13.449339] (detection) StderrLine: {'line': b'\x1b[0mDARKNET_PATH not set, searching for darknet in the system\x1b[0m\n'}
[13.454194] (-) TimerEvent: {}
[13.554526] (-) TimerEvent: {}
[13.655120] (-) TimerEvent: {}
[13.756148] (-) TimerEvent: {}
[13.857406] (-) TimerEvent: {}
[13.958506] (-) TimerEvent: {}
[14.059008] (-) TimerEvent: {}
[14.160033] (-) TimerEvent: {}
[14.261134] (-) TimerEvent: {}
[14.362221] (-) TimerEvent: {}
[14.463211] (-) TimerEvent: {}
[14.563529] (-) TimerEvent: {}
[14.664599] (-) TimerEvent: {}
[14.765688] (-) TimerEvent: {}
[14.856782] (detection) StderrLine: {'line': b'\x1b[31mCMake Error at CMakeLists.txt:30 (find_package):\n'}
[14.857057] (detection) StderrLine: {'line': b'  By not providing "FindDarknet.cmake" in CMAKE_MODULE_PATH this project has\n'}
[14.857153] (detection) StderrLine: {'line': b'  asked CMake to find a package configuration file provided by "Darknet", but\n'}
[14.857225] (detection) StderrLine: {'line': b'  CMake did not find one.\n'}
[14.857291] (detection) StderrLine: {'line': b'\n'}
[14.857365] (detection) StderrLine: {'line': b'  Could not find a package configuration file provided by "Darknet" with any\n'}
[14.857417] (detection) StderrLine: {'line': b'  of the following names:\n'}
[14.857440] (detection) StderrLine: {'line': b'\n'}
[14.857465] (detection) StderrLine: {'line': b'    DarknetConfig.cmake\n'}
[14.857490] (detection) StderrLine: {'line': b'    darknet-config.cmake\n'}
[14.857513] (detection) StderrLine: {'line': b'\n'}
[14.857537] (detection) StderrLine: {'line': b'  Add the installation prefix of "Darknet" to CMAKE_PREFIX_PATH or set\n'}
[14.857561] (detection) StderrLine: {'line': b'  "Darknet_DIR" to a directory containing one of the above files.  If\n'}
[14.857585] (detection) StderrLine: {'line': b'  "Darknet" provides a separate development package or SDK, be sure it has\n'}
[14.857609] (detection) StderrLine: {'line': b'  been installed.\n'}
[14.857653] (detection) StderrLine: {'line': b'\n'}
[14.857684] (detection) StderrLine: {'line': b'\x1b[0m\n'}
[14.857710] (detection) StdoutLine: {'line': b'-- Configuring incomplete, errors occurred!\n'}
[14.857742] (detection) StdoutLine: {'line': b'See also "/home/ozone/robomaster-cv/ros_ws/build/detection/CMakeFiles/CMakeOutput.log".\n'}
[14.863080] (detection) JobEnded: {'identifier': 'detection', 'rc': 'SIGINT'}
[14.865855] (-) TimerEvent: {}
[14.874018] (monitor) JobSkipped: {'identifier': 'monitor'}
[14.874108] (decision) JobSkipped: {'identifier': 'decision'}
[14.874151] (locate) JobSkipped: {'identifier': 'locate'}
[14.874163] (testing) JobSkipped: {'identifier': 'testing'}
[14.874173] (-) EventReactorShutdown: {}
